1, , heb, transcription, </supplied>1, texts/xml/jeru0194.xml
1, , heb, transcription, .1, texts/xml/jord0001.xml
10, , heb, transcription, </lb>.10, texts/xml/jord0001.xml
11, , heb, transcription, </lb>.11, texts/xml/jord0001.xml
12, , heb, transcription, </lb>.12, texts/xml/jord0001.xml
13, , heb, transcription, </lb>.13, texts/xml/jord0001.xml
14, , heb, transcription, </lb>.14, texts/xml/jord0001.xml
15, , heb, transcription, </lb>.15, texts/xml/jord0001.xml
16, , heb, transcription, </lb>.16, texts/xml/jord0001.xml
17, , heb, transcription, </lb>.17, texts/xml/jord0001.xml
18, , heb, transcription, </lb>.18, texts/xml/jord0001.xml
19, , heb, transcription, </lb>.19, texts/xml/jord0001.xml
2, , heb, transcription, </supplied>2, texts/xml/jeru0206.xml
2, , heb, transcription, </lb>.2, texts/xml/jord0001.xml
20, , heb, transcription, </lb>.20, texts/xml/jord0001.xml
21, , heb, transcription, </lb>.21, texts/xml/jord0001.xml
22, , heb, transcription, </lb>.22, texts/xml/jord0001.xml
23, , heb, transcription, </lb>.23, texts/xml/jord0001.xml
24, , heb, transcription, </lb>.24, texts/xml/jord0001.xml
25, , heb, transcription, </lb>.25, texts/xml/jord0001.xml
26, , heb, transcription, </lb>.26, texts/xml/jord0001.xml
27, , heb, transcription, </lb>.27, texts/xml/jord0001.xml
28, , heb, transcription, </lb>.28, texts/xml/jord0001.xml
29, , heb, transcription, </lb>.29, texts/xml/jord0001.xml
3, , heb, transcription, </lb>.3, texts/xml/jord0001.xml
30, , heb, transcription, </lb>.30, texts/xml/jord0001.xml
31, , heb, transcription, </lb>.31, texts/xml/jord0001.xml
32, , heb, transcription, </lb>.32, texts/xml/jord0001.xml
33, , heb, transcription, </lb>.33, texts/xml/jord0001.xml
34, , heb, transcription, </lb>.34, texts/xml/jord0001.xml
35, , heb, transcription, </lb>.35, texts/xml/jord0001.xml
36, , heb, transcription, </lb>.36, texts/xml/jord0001.xml
37, , heb, transcription, </lb>.37, texts/xml/jord0001.xml
38, , heb, transcription, </lb>.38, texts/xml/jord0001.xml
39, , heb, transcription, </lb>.39, texts/xml/jord0001.xml
4, , heb, transcription, </supplied>4, texts/xml/jeru0194.xml
4, , heb, transcription, </supplied>4, texts/xml/jeru0206.xml
4, , heb, transcription, </lb>.4, texts/xml/jord0001.xml
40, , heb, transcription, </lb>.40, texts/xml/jord0001.xml
41, , heb, transcription, </lb>.41, texts/xml/jord0001.xml
42, , heb, transcription, </lb>.42, texts/xml/jord0001.xml
43, , heb, transcription, </lb>.43, texts/xml/jord0001.xml
44, , heb, transcription, </lb>.44, texts/xml/jord0001.xml
45, , heb, transcription, </lb>.45, texts/xml/jord0001.xml
46, , heb, transcription, </lb>.46, texts/xml/jord0001.xml
47, , heb, transcription, </lb>.47, texts/xml/jord0001.xml
48, , heb, transcription, </lb>.48, texts/xml/jord0001.xml
49, , heb, transcription, </lb>.49, texts/xml/jord0001.xml
5, , heb, transcription, </lb>.5, texts/xml/jord0001.xml
50, , heb, transcription, </lb>.50, texts/xml/jord0001.xml
51, , heb, transcription, </lb>.51, texts/xml/jord0001.xml
52, , heb, transcription, </lb>.52, texts/xml/jord0001.xml
53, , heb, transcription, </lb>.53, texts/xml/jord0001.xml
54, , heb, transcription, </lb>.54, texts/xml/jord0001.xml
55, , heb, transcription, </lb>.55, texts/xml/jord0001.xml
56, , heb, transcription, </lb>.56, texts/xml/jord0001.xml
57, , heb, transcription, </lb>.57, texts/xml/jord0001.xml
58, , heb, transcription, </lb>.58, texts/xml/jord0001.xml
59, , heb, transcription, </lb>.59, texts/xml/jord0001.xml
6, , heb, transcription, </lb>.6, texts/xml/jord0001.xml
60, , heb, transcription, </lb>.60, texts/xml/jord0001.xml
61, , heb, transcription, </lb>.61, texts/xml/jord0001.xml
62, , heb, transcription, </lb>.62, texts/xml/jord0001.xml
63, , heb, transcription, </lb>.63, texts/xml/jord0001.xml
64, , heb, transcription, </lb>.64, texts/xml/jord0001.xml
65, , heb, transcription, </lb>.65, texts/xml/jord0001.xml
66, , heb, transcription, </lb>.66, texts/xml/jord0001.xml
67, , heb, transcription, </lb>.67, texts/xml/jord0001.xml
68, , heb, transcription, </lb>.68, texts/xml/jord0001.xml
69, , heb, transcription, </lb>.69, texts/xml/jord0001.xml
7, , heb, transcription, </lb>.7, texts/xml/jord0001.xml
70, , heb, transcription, </lb>.70, texts/xml/jord0001.xml
71, , heb, transcription, </lb>.71, texts/xml/jord0001.xml
72, , heb, transcription, </lb>.72, texts/xml/jord0001.xml
73, , heb, transcription, </lb>.73, texts/xml/jord0001.xml
74, , heb, transcription, </lb>.74, texts/xml/jord0001.xml
75, , heb, transcription, </lb>.75, texts/xml/jord0001.xml
76, , heb, transcription, </lb>.76, texts/xml/jord0001.xml
77, , heb, transcription, </lb>.77, texts/xml/jord0001.xml
78, , heb, transcription, </lb>.78, texts/xml/jord0001.xml
79, , heb, transcription, </lb>.79, texts/xml/jord0001.xml
8, , heb, transcription, </lb>.8, texts/xml/jord0001.xml
80, , heb, transcription, </lb>.80, texts/xml/jord0001.xml
81, , heb, transcription, </lb>.81, texts/xml/jord0001.xml
82, , heb, transcription, </lb>.82, texts/xml/jord0001.xml
83, , heb, transcription, </lb>.83, texts/xml/jord0001.xml
84, , heb, transcription, </lb>.84, texts/xml/jord0001.xml
85, , heb, transcription, </lb>.85, texts/xml/jord0001.xml
86, , heb, transcription, </lb>.86, texts/xml/jord0001.xml
87, , heb, transcription, </lb>.87, texts/xml/jord0001.xml
9, , heb, transcription, </lb>.9, texts/xml/jord0001.xml
Shelamzin, , heb, transcription, Shelamzin</p></div>, texts/xml/akld0019.xml
\, , heb, transcription, </unclear></unclear></unclear></unclear></unclear></unclear></unclear></unclear>\, texts/xml/jord0001.xml
Άρίστωνος, , heb, transcription, Άρίστωνος</supplied></foreign>, texts/xml/akld0024.xml
Α, , heb, transcription, </lb>Α, texts/xml/masa0302.xml
Α, , heb, transcription, </lb>Α, texts/xml/masa0313.xml
Α, , heb, transcription, </lb>Α, texts/xml/masa0329.xml
Α, , heb, transcription, </lb>Α, texts/xml/masa0341.xml
Β, , heb, transcription, </lb>Β, texts/xml/masa0351.xml
ΕΚΤΙϹΕΝ, , heb, transcription, ΕΚΤΙϹΕΝ</supplied>, texts/xml/dabb0001.xml
Κ·ΝΙΦ, , heb, transcription, </lb>Κ</unclear>·Ν</unclear>ΙΦ, texts/xml/jeru0183.xml
Κομόδου, , heb, transcription, </lb>Κομόδ</abbr>ου</ex></expan>, texts/xml/mari0005.xml
Μαθία, , heb, transcription, </lb>Μαθία, texts/xml/jeru0172.xml
Μαθίας, , heb, transcription, Μαθίας, texts/xml/jeru0171.xml
Μαριεάμη, , heb, transcription, </lb>Μαριεάμη, texts/xml/jeru0171.xml
Ρ, , heb, transcription, </gap></gap>Ρ</gap>, texts/xml/masa0595.xml
ΡΟΥϹΤΙΚΟϹ, , heb, transcription, </lb>ΡΟ</supplied>ΥϹΤΙΚΟϹ, texts/xml/dabb0001.xml
Σάου, , heb, transcription, </lb>Σάου, texts/xml/jeru0074.xml
Σίμων, , heb, transcription, Σίμων, texts/xml/jeru0172.xml
Σαλών, , heb, transcription, Σαλών</supplied>, texts/xml/akld0024.xml
αὐτοῦ, , heb, transcription, αὐτοῦ, texts/xml/jeru0171.xml
αὐτὰ, , heb, transcription, </lb>αὐτὰ, texts/xml/jeru0171.xml
γυνή·, , heb, transcription, </lb>γυνή·, texts/xml/jeru0171.xml
δρου, , heb, transcription, </lb>δρου, texts/xml/jeru0088.xml
θεῷ, , heb, transcription, </lb>θεῷ, texts/xml/mari0005.xml
καὶ, , heb, transcription, καὶ, texts/xml/jeru0172.xml
κυρίου, , heb, transcription, κυρ</abbr>ίου</ex></expan>, texts/xml/mari0005.xml
κυρε, , heb, transcription, </lb>κυρε, texts/xml/jeru0172.xml
λος, , heb, transcription, </lb>λος</foreign></p></div>, texts/xml/jeru0074.xml
οπολείτῃ, , heb, transcription, </lb>οπολείτ</supplied>ῃ, texts/xml/mari0005.xml
ουρουν, , heb, transcription, </lb>ουρουν, texts/xml/jeru0171.xml
πάταξε, , heb, transcription, πάταξε, texts/xml/jeru0171.xml
ρου, , heb, transcription, </lb>ρου, texts/xml/jeru0088.xml
σω, , heb, transcription, σω, texts/xml/mari0005.xml
τηρίας, , heb, transcription, </lb>τηρίας, texts/xml/mari0005.xml
τουπου, , heb, transcription, τουπου, texts/xml/jeru0172.xml
τοῦ, , heb, transcription, </lb>τοῦ, texts/xml/mari0005.xml
τυς, , heb, transcription, τυς, texts/xml/jeru0172.xml
υἱὸς, , heb, transcription, </lb>υἱὸς, texts/xml/jaff0052.xml
א, , heb, transcription, </unclear>א</unclear>, texts/xml/beth0267.xml
א, , heb, transcription, </lb>א, texts/xml/jeru0068.xml
א, , heb, transcription, א</supplied>, texts/xml/jord0001.xml
א, , heb, transcription, </lb></gap>א</unclear>, texts/xml/sepp0002.xml
א, , heb, transcription, א, texts/xml/sepp0007.xml
א, , heb, transcription, א</unclear>, texts/xml/sepp0008.xml
א, , heb, transcription, </lb></gap>א</unclear>, texts/xml/sepp0010.xml
א, , heb, transcription, א</p></div>, texts/xml/unkn0102.xml
אב, , heb, transcription, אב, texts/xml/beth0234.xml
אב, , heb, transcription, אב, texts/xml/jord0001.xml
אבונה, , heb, transcription, אבונה, texts/xml/jeru0042.xml
אבי, , heb, transcription, אבי</p></div>, texts/xml/masa0389.xml
אובן, , heb, transcription, אובן, texts/xml/sepp0006.xml
אוהבין, , heb, transcription, אוהבין, texts/xml/jord0001.xml
אוכסנטים, , heb, transcription, אוכסנטים, texts/xml/mari0004.xml
אומר, , heb, transcription, אומר, texts/xml/jord0001.xml
אושעיה, , heb, transcription, א</unclear>ושעיה</p></div>, texts/xml/masa0384.xml
אותגלות, , heb, transcription, </unclear>אותגלות, texts/xml/jord0001.xml
אז, , heb, transcription, אז, texts/xml/jord0001.xml
אזביא, , heb, transcription, אזביא, texts/xml/jeri0012.xml
אזביא, , heb, transcription, </lb>אזביא, texts/xml/jeri0017.xml
אח, , heb, transcription, </gap>אח</add>, texts/xml/jeru0236.xml
אח, , heb, transcription, אח</unclear>, texts/xml/qumr0001.xml
אחד, , heb, transcription, אחד, texts/xml/jord0001.xml
אחיה, , heb, transcription, אחיה, texts/xml/beth0235.xml
אטיון, , heb, transcription, אטיון, texts/xml/beth0238.xml
אי, , heb, transcription, </unclear>אי, texts/xml/jord0001.xml
אין, , heb, transcription, אין</p></div>, texts/xml/caes0500.xml
איסטמכוס, , heb, transcription, </lb>אי</unclear>סטמ</unclear>כוס</p></div>, texts/xml/masa0413.xml
איש, , heb, transcription, איש, texts/xml/jord0001.xml
אל, , heb, transcription, אל, texts/xml/jord0001.xml
אלה, , heb, transcription, אלה, texts/xml/jord0001.xml
אלהי, , heb, transcription, אלהי, texts/xml/jord0001.xml
אלהים, , heb, transcription, אלהים, texts/xml/jord0001.xml
אלהנו, , heb, transcription, </lb>אלהנו, texts/xml/unkn0103.xml
אלו, , heb, transcription, אלו, texts/xml/beth0239.xml
אליעזר, , heb, transcription, </lb>אליעזר, texts/xml/dabb0006.xml
אליעזר, , heb, transcription, אליעזר</p></div>, texts/xml/masa0390.xml
אליעזרשמת, , heb, transcription, אליעזרשמת</supplied>, texts/xml/beth0248.xml
אלכסנדריה, , heb, transcription, </lb>אלכסנ</supplied>ד</unclear>ריה, texts/xml/jaff0057.xml
אלעוד, , heb, transcription, אלעוד</p></div>, texts/xml/masa0469.xml
אלעזר, , heb, transcription, אלעזר, texts/xml/jeri0005.xml
אלעזר, , heb, transcription, </lb>אלעזר, texts/xml/jeri0016.xml
אלעזר, , heb, transcription, אלעזר, texts/xml/jeru0046.xml
אלעזר, , heb, transcription, אלעזר, texts/xml/jeru0047.xml
אלעזר, , heb, transcription, אלעזר, texts/xml/jeru0127.xml
אלעזר, , heb, transcription, אלעזר, texts/xml/jeru0185.xml
אלעזר, , heb, transcription, אלעזר, texts/xml/jeru0303.xml
אלעזר, , heb, transcription, </lb>אלעזר, texts/xml/masa0038.xml
אלעזר, , heb, transcription, אלעזר</p></div>, texts/xml/masa0381.xml
אלעזר, , heb, transcription, אלעזר</p></div>, texts/xml/masa0476.xml
אלעזר, , heb, transcription, אלעזר</p></div>, texts/xml/masa0510.xml
אלעזר, , heb, transcription, אלעזר</supplied>, texts/xml/masa0511.xml
אם, , heb, transcription, אם, texts/xml/jord0001.xml
אמה, , heb, transcription, אמה, texts/xml/jeru0180.xml
אמות, , heb, transcription, אמות, texts/xml/masa0585.xml
אמן, , heb, transcription, </lb>אמן, texts/xml/sepp0001.xml
אמן, , heb, transcription, </lb>אמן, texts/xml/sepp0003.xml
אמן, , heb, transcription, </lb>אמן, texts/xml/sepp0004.xml
אמן, , heb, transcription, </lb>אמן, texts/xml/sepp0005.xml
אמן, , heb, transcription, אמן, texts/xml/sepp0006.xml
אמן, , heb, transcription, אמן, texts/xml/sepp0008.xml
אמן, , heb, transcription, א</unclear>מן</p></div>, texts/xml/sepp0010.xml
אמן, , heb, transcription, אמן, texts/xml/tibe0003.xml
אמנא, , heb, transcription, אמנא, texts/xml/jeru0043.xml
אמס, , heb, transcription, אמס, texts/xml/jeru0183.xml
אמר, , heb, transcription, אמר, texts/xml/jord0001.xml
אמשא, , heb, transcription, </lb>אמשא, texts/xml/beth0252.xml
אנחנו, , heb, transcription, אנחנו, texts/xml/jord0001.xml
אני, , heb, transcription, אני, texts/xml/jord0001.xml
אניאנה, , heb, transcription, אניאנה, texts/xml/beth0239.xml
אנינא, , heb, transcription, אנינא, texts/xml/beth0233.xml
אנינה, , heb, transcription, אנינה, texts/xml/sepp0010.xml
אנכי, , heb, transcription, אנכי, texts/xml/jord0001.xml
אנשים, , heb, transcription, אנשים, texts/xml/jord0001.xml
אנתת, , heb, transcription, </lb>אנתת, texts/xml/jeru0046.xml
אנתת, , heb, transcription, אנתת, texts/xml/jeru0183.xml
אפלגנה, , heb, transcription, </lb>אפלגנה</p></div>, texts/xml/unkn0101.xml
אפמלס, , heb, transcription, אפמלס</p></div>, texts/xml/seph0100.xml
אק, , heb, transcription, </unclear></unclear></unclear>אק, texts/xml/jord0001.xml
ארבגלא, , heb, transcription, ארבגלא</p></div>, texts/xml/erra0002.xml
ארבע, , heb, transcription, ארבע, texts/xml/masa0585.xml
ארבע, , heb, transcription, ארבע</p></div>, texts/xml/masa0586.xml
ארבעה, , heb, transcription, ארבעה, texts/xml/jord0001.xml
ארבעין, , heb, transcription, ארבעין, texts/xml/jord0001.xml
ארובות, , heb, transcription, ארובות, texts/xml/jord0001.xml
אריה, , heb, transcription, </lb>אריה, texts/xml/tibe0001.xml
ארס, , heb, transcription, </unclear></unclear></unclear>ארס, texts/xml/jord0001.xml
ארסטון, , heb, transcription, ארסטון</p></div>, texts/xml/akld0024.xml
אשמנ, , heb, transcription, אשמנ</supplied>, texts/xml/tdor0002.xml
אשעיה, , heb, transcription, אשעיה, texts/xml/masa0411.xml
אשריא, , heb, transcription, אשריא, texts/xml/jord0001.xml
אשת, , heb, transcription, אשת</p></div>, texts/xml/masa0400.xml
אשתו, , heb, transcription, </lb>אשתו, texts/xml/beth0246.xml
את, , heb, transcription, </lb>את, texts/xml/beth0250.xml
את, , heb, transcription, את, texts/xml/jord0001.xml
את, , heb, transcription, </lb>את, texts/xml/qumr0001.xml
אתגלות, , heb, transcription, אתגלות, texts/xml/jord0001.xml
אתה, , heb, transcription, אתה, texts/xml/jord0001.xml
אתרה, , heb, transcription, </lb>אתרה, texts/xml/tibe0003.xml
אתת, , heb, transcription, אתת, texts/xml/jeru0017.xml
אתת, , heb, transcription, </lb>אתת, texts/xml/jeru0045.xml
אתת, , heb, transcription, </lb>אתת, texts/xml/jeru0107.xml
אתת, , heb, transcription, </lb>אתת, texts/xml/jeru0118.xml
אתת, , heb, transcription, אתת, texts/xml/masa0399.xml
אתת, , heb, transcription, אתת</p></div>, texts/xml/masa0402.xml
ב, , heb, transcription, ב</p></div>, texts/xml/jent0001.xml
ב, , heb, transcription, </gap>ב, texts/xml/jord0001.xml
ב, , heb, transcription, ב, texts/xml/masa0401.xml
ב, , heb, transcription, ב</unclear>, texts/xml/qumr0001.xml
בגדולות, , heb, transcription, בגדולות, texts/xml/jord0001.xml
בגדלות, , heb, transcription, בגדלות, texts/xml/jord0001.xml
בדין, , heb, transcription, </lb>[ב]דין, texts/xml/abil0001.xml
בה, , heb, transcription, בה, texts/xml/dabb0001.xml
בה, , heb, transcription, בה, texts/xml/jord0001.xml
בה, , heb, transcription, ב</supplied>ה, texts/xml/masa0449.xml
בה, , heb, transcription, בה, texts/xml/masa0450.xml
בה, , heb, transcription, בה</supplied>, texts/xml/masa0451.xml
בוטא, , heb, transcription, בוטא</p></div>, texts/xml/unkn0100.xml
בוטון, , heb, transcription, </lb>בוטון, texts/xml/jeru0024.xml
בטוחין, , heb, transcription, בטוחין, texts/xml/jord0001.xml
בי, , heb, transcription, </lb>בי, texts/xml/beth0258.xml
בי, , heb, transcription, בי</unclear>, texts/xml/masa0401.xml
בידוד, , heb, transcription, בידוד, texts/xml/jeru0148.xml
בירי, , heb, transcription, בירי, texts/xml/beth0258.xml
ביריחו, , heb, transcription, </lb>ביריחו, texts/xml/qumr0001.xml
ביש, , heb, transcription, ביש</p></div>, texts/xml/beth0223.xml
ביש, , heb, transcription, </lb>ביש, texts/xml/beth0224.xml
ביתה, , heb, transcription, ביתה, texts/xml/sepp0006.xml
בכול, , heb, transcription, </unclear>בכול, texts/xml/jord0001.xml
בכל, , heb, transcription, בכל, texts/xml/huqo0001.xml
בלה, , heb, transcription, ב</unclear>לה</p></div>, texts/xml/masa0529.xml
בלה, , heb, transcription, ב</unclear>לה</p></div>, texts/xml/masa0535.xml
בלסנה, , heb, transcription, </choice>בלסנה</p></div>, texts/xml/masa0544.xml
בן, , heb, transcription, בן, texts/xml/beth0227.xml
בן, , heb, transcription, בן, texts/xml/beth0228.xml
בן, , heb, transcription, בן, texts/xml/beth0237.xml
בן, , heb, transcription, </lb>בן, texts/xml/beth0238.xml
בן, , heb, transcription, </lb>בן, texts/xml/beth0246.xml
בן, , heb, transcription, בן, texts/xml/beth0248.xml
בן, , heb, transcription, בן, texts/xml/beth0259.xml
בן, , heb, transcription, </lb>בן, texts/xml/haif0010.xml
בן, , heb, transcription, בן, texts/xml/jaff0054.xml
בן, , heb, transcription, </lb></gap>ב</unclear>ן, texts/xml/jaff0057.xml
בן, , heb, transcription, בן, texts/xml/jeri0005.xml
בן, , heb, transcription, </lb>בן, texts/xml/jeru0095.xml
בן, , heb, transcription, </lb>בן, texts/xml/jeru0118.xml
בן, , heb, transcription, </lb>בן, texts/xml/jeru0162.xml
בן, , heb, transcription, בן, texts/xml/jeru0303.xml
בן, , heb, transcription, </lb>בן, texts/xml/juda0001.xml
בן, , heb, transcription, </gap></gap>בן</p></div>, texts/xml/masa0472.xml
בן, , heb, transcription, בן, texts/xml/qumr0001.xml
בן, , heb, transcription, בן, texts/xml/shap0002.xml
בן, , heb, transcription, בן, texts/xml/shap0003.xml
בן, , heb, transcription, </lb></gap>בן, texts/xml/tibe0010.xml
בןי, , heb, transcription, בןי</unclear>, texts/xml/masa0406.xml
בןכלה, , heb, transcription, בןכ</unclear>לה</p></div>, texts/xml/masa0407.xml
בנ, , heb, transcription, </gap>בנ, texts/xml/jord0001.xml
בנ, , heb, transcription, בנ</p></div>, texts/xml/masa0429.xml
בנ, , heb, transcription, בנ</p></div>, texts/xml/masa0430.xml
בנ, , heb, transcription, בנ</p></div>, texts/xml/masa0435.xml
בנ, , heb, transcription, בנ, texts/xml/qumr0002.xml
בנא, , heb, transcription, </lb>בנא, texts/xml/jeru0092.xml
בנה, , heb, transcription, </lb>בנה, texts/xml/jeru0092.xml
בנו, , heb, transcription, בנו, texts/xml/beth0237.xml
בנו, , heb, transcription, </lb>בנו, texts/xml/beth0244.xml
בנו, , heb, transcription, בנו, texts/xml/beth0248.xml
בנוי, , heb, transcription, בנוי, texts/xml/sepp0002.xml
בנוי, , heb, transcription, בנוי, texts/xml/sepp0005.xml
בנותיה, , heb, transcription, בנותיה, texts/xml/beth0243.xml
בני, , heb, transcription, בני, texts/xml/huqo0001.xml
בני, , heb, transcription, </lb>בני, texts/xml/jeru0047.xml
בני, , heb, transcription, </lb>בני, texts/xml/jeru0303.xml
בני, , heb, transcription, </gap>בני, texts/xml/jord0001.xml
בניאיר, , heb, transcription, בניאיר</p></div>, texts/xml/masa0437.xml
בניו, , heb, transcription, בניו, texts/xml/beth0239.xml
בניו, , heb, transcription, </lb>ב]ניו, texts/xml/qumr0002.xml
בנסד, , heb, transcription, בנסד, texts/xml/jord0001.xml
בנת, , heb, transcription, בנת, texts/xml/jeru0236.xml
בסוף, , heb, transcription, בסוף, texts/xml/beth0223.xml
בסוף, , heb, transcription, בסוף, texts/xml/beth0224.xml
בסייה, , heb, transcription, בסייה</supplied>, texts/xml/masa0506.xml
בסלו, , heb, transcription, </lb>בסלו, texts/xml/evro0014.xml
בע, , heb, transcription, בע, texts/xml/jeru0194.xml
בע, , heb, transcription, בע, texts/xml/jeru0206.xml
בצק, , heb, transcription, בצק</p></div>, texts/xml/masa0548.xml
בקש, , heb, transcription, בקש, texts/xml/jord0001.xml
בקשו, , heb, transcription, בקשו, texts/xml/jord0001.xml
בר, , heb, transcription, בר, texts/xml/beth0224.xml
בר, , heb, transcription, </lb>בר, texts/xml/beth0255.xml
בר, , heb, transcription, </lb>בר, texts/xml/hebr0001.xml
בר, , heb, transcription, בר, texts/xml/jent0006.xml
בר, , heb, transcription, </lb>בר, texts/xml/jeri0001.xml
בר, , heb, transcription, בר, texts/xml/jeru0005.xml
בר, , heb, transcription, בר, texts/xml/jeru0009.xml
בר, , heb, transcription, בר, texts/xml/jeru0010.xml
בר, , heb, transcription, בר, texts/xml/jeru0180.xml
בר, , heb, transcription, בר, texts/xml/jeru0186.xml
בר, , heb, transcription, בר, texts/xml/jeru0193.xml
בר, , heb, transcription, </lb>בר, texts/xml/jeru0234.xml
בר, , heb, transcription, </lb>בר, texts/xml/jeru0305.xml
בר, , heb, transcription, </unclear>בר, texts/xml/jord0001.xml
בר, , heb, transcription, </lb>בר, texts/xml/mari0004.xml
בר, , heb, transcription, בר</p></div>, texts/xml/masa0037.xml
בר, , heb, transcription, בר, texts/xml/masa0398.xml
בר, , heb, transcription, בר</p></div>, texts/xml/masa0408.xml
בר, , heb, transcription, בר, texts/xml/masa0414.xml
בר, , heb, transcription, בר</p></div>, texts/xml/masa0415.xml
בר, , heb, transcription, </gap>בר</p></div>, texts/xml/masa0475.xml
בר, , heb, transcription, בר</p></div>, texts/xml/masa0480.xml
בר, , heb, transcription, בר</p></div>, texts/xml/masa0481.xml
בר, , heb, transcription, ב</supplied>ר, texts/xml/masa0482.xml
בר, , heb, transcription, ב</supplied>ר, texts/xml/masa0483.xml
בר, , heb, transcription, בר</p></div>, texts/xml/masa0502.xml
בר, , heb, transcription, בר, texts/xml/sepp0002.xml
בר, , heb, transcription, בר, texts/xml/sepp0003.xml
בר, , heb, transcription, </lb></gap>בר, texts/xml/sepp0004.xml
בר, , heb, transcription, בר, texts/xml/sepp0005.xml
בר, , heb, transcription, בר, texts/xml/sepp0007.xml
בר, , heb, transcription, </gap></supplied>בר, texts/xml/sepp0010.xml
בר, , heb, transcription, בר, texts/xml/shap0002.xml
בר, , heb, transcription, בר, texts/xml/shap0003.xml
ברב, , heb, transcription, ברב, texts/xml/jaff0052.xml
ברה, , heb, transcription, ברה, texts/xml/jeru0007.xml
ברה, , heb, transcription, ברה, texts/xml/jeru0045.xml
ברוך, , heb, transcription, ברוך, texts/xml/jord0001.xml
ברוך, , heb, transcription, </lb>ברוך, texts/xml/unkn0103.xml
בריה, , heb, transcription, בריה</p></div>, texts/xml/masa0461.xml
בריה, , heb, transcription, </gap>בריה</gap></p></div>, texts/xml/masa0503.xml
ברך, , heb, transcription, </gap>ב</supplied>ר</gap>ך</supplied>, texts/xml/abil0001.xml
ברכ, , heb, transcription, ברכ, texts/xml/jord0001.xml
ברכה, , heb, transcription, ברכה, texts/xml/masa0393.xml
ברכת, , heb, transcription, </lb>ברכת, texts/xml/dabb0003.xml
ברכתה, , heb, transcription, </lb>ברכתה, texts/xml/dabb0004.xml
ברכתה, , heb, transcription, ברכתה, texts/xml/tibe0003.xml
ברקי, , heb, transcription, ברקי, texts/xml/masa0398.xml
ברת, , heb, transcription, ברת, texts/xml/jeri0011.xml
ברת, , heb, transcription, </lb>ברת, texts/xml/jeru0040.xml
ברת, , heb, transcription, ברת, texts/xml/jeru0234.xml
ברת, , heb, transcription, ברת, texts/xml/jeru0305.xml
ברתא, , heb, transcription, ברתא, texts/xml/jeru0098.xml
ברתה, , heb, transcription, ברתה, texts/xml/sepp0003.xml
בשלום, , heb, transcription, </lb>בשלום, texts/xml/beth0227.xml
בשלום, , heb, transcription, </lb>בשלום</p></div>, texts/xml/beth0238.xml
בשנת, , heb, transcription, </lb>בשנת, texts/xml/qumr0001.xml
בשר, , heb, transcription, בשר, texts/xml/jord0001.xml
בשר, , heb, transcription, בשר, texts/xml/masa0547.xml
בת, , heb, transcription, בת, texts/xml/akld0024.xml
בת, , heb, transcription, בת, texts/xml/beth0237.xml
בת, , heb, transcription, בת, texts/xml/jeri0011.xml
בת, , heb, transcription, </lb>בת, texts/xml/jeru0127.xml
בת, , heb, transcription, </lb>בת, texts/xml/jeru0231.xml
בת, , heb, transcription, בת</p></div>, texts/xml/masa0403.xml
בת, , heb, transcription, בת</p></div>, texts/xml/masa0405.xml
בתו, , heb, transcription, בתו, texts/xml/beth0237.xml
בתו, , heb, transcription, </lb>בתו, texts/xml/beth0247.xml
בתולה, , heb, transcription, </lb>בתולה, texts/xml/beth0237.xml
בתולה, , heb, transcription, </lb>בתולה, texts/xml/tibe0001.xml
ג, , heb, transcription, </unclear></unclear></unclear></unclear>ג, texts/xml/jord0001.xml
ג, , heb, transcription, </lb>ג, texts/xml/masa0360.xml
ג, , heb, transcription, </lb>ג</num>, texts/xml/masa0393.xml
ג, , heb, transcription, ג</unclear>, texts/xml/qumr0001.xml
גבריאל, , heb, transcription, גבריאל, texts/xml/jord0001.xml
גדי, , heb, transcription, </lb>גדי, texts/xml/tibe0001.xml
גירה, , heb, transcription, גירה, texts/xml/sepp0008.xml
גלית, , heb, transcription, גלית, texts/xml/jeri0005.xml
גמליאל, , heb, transcription, </lb>גמליאל, texts/xml/beth0237.xml
גמליאל, , heb, transcription, גמליאל, texts/xml/beth0248.xml
גני, , heb, transcription, גני, texts/xml/jord0001.xml
גר, , heb, transcription, גר, texts/xml/jord0001.xml
גר, , heb, transcription, גר</unclear>, texts/xml/masa0540.xml
גרגר, , heb, transcription, גרגר</supplied>, texts/xml/masa0537.xml
גרגר, , heb, transcription, גרגר</p></div>, texts/xml/masa0541.xml
גרגר, , heb, transcription, גרגר</p></div>, texts/xml/masa0542.xml
גרמלקרת, , heb, transcription, גרמלקרת</p></div>, texts/xml/tana0001.xml
ד, , heb, transcription, </lb>ד</supplied>, texts/xml/beth0281.xml
ד, , heb, transcription, ד, texts/xml/jeru0177.xml
ד, , heb, transcription, </unclear></unclear></unclear>ד, texts/xml/jord0001.xml
ד, , heb, transcription, ד</supplied>, texts/xml/masa0529.xml
ד, , heb, transcription, ד</supplied>, texts/xml/masa0535.xml
ד, , heb, transcription, ד</unclear>, texts/xml/qumr0001.xml
דא, , heb, transcription, </gap>דא, texts/xml/jord0001.xml
דאיק, , heb, transcription, דאיק, texts/xml/tibe0010.xml
דאתחזק, , heb, transcription, </lb>[ד]אתחזק, texts/xml/abil0001.xml
דב, , heb, transcription, דב</supplied>, texts/xml/masa0539.xml
דבגוה, , heb, transcription, דבגוה, texts/xml/beth0223.xml
דבל, , heb, transcription, </lb>דבל</unclear>, texts/xml/masa0537.xml
דבלה, , heb, transcription, דבלה, texts/xml/masa0516.xml
דבלה, , heb, transcription, דבלה</p></div>, texts/xml/masa0519.xml
דבלה, , heb, transcription, דבלה</p></div>, texts/xml/masa0522.xml
דבלה, , heb, transcription, דבלה</supplied>, texts/xml/masa0525.xml
דבלה, , heb, transcription, דבלה</unclear>, texts/xml/masa0526.xml
דבלה, , heb, transcription, ד</supplied>בלה</p></div>, texts/xml/masa0527.xml
דבלה, , heb, transcription, ד</unclear>בלה</p></div>, texts/xml/masa0528.xml
דבלה, , heb, transcription, דבלה</supplied>, texts/xml/masa0530.xml
דבלה, , heb, transcription, דב</supplied>לה</unclear>, texts/xml/masa0531.xml
דבלה, , heb, transcription, ד</supplied>בלה</p></div>, texts/xml/masa0533.xml
דבלה, , heb, transcription, דבלה</supplied>, texts/xml/masa0536.xml
דבלה, , heb, transcription, ד</unclear>בלה</unclear>, texts/xml/masa0538.xml
דבלה, , heb, transcription, </lb>דבלה</supplied>, texts/xml/masa0540.xml
דבנישראל, , heb, transcription, דבנישראל, texts/xml/mari0004.xml
דבר, , heb, transcription, </gap>דבר, texts/xml/jord0001.xml
דבתמלכו, , heb, transcription, </lb>דבתמלכו, texts/xml/beth0267.xml
דגים, , heb, transcription, </lb>דגים, texts/xml/tibe0001.xml
דהכה, , heb, transcription, דהכה, texts/xml/abil0001.xml
דוגה, , heb, transcription, דוגה</p></div>, texts/xml/masa0553.xml
דוד, , heb, transcription, דוד, texts/xml/jord0001.xml
דוסטס, , heb, transcription, </lb>דוסטס, texts/xml/jeru0042.xml
דוסתס, , heb, transcription, דוסתס</p></div>, texts/xml/masa0382.xml
די, , heb, transcription, </lb>די, texts/xml/jeru0098.xml
די, , heb, transcription, די, texts/xml/jeru0236.xml
דיפתח, , heb, transcription, </lb>דיפתח, texts/xml/beth0224.xml
דכיר, , heb, transcription, </lb>דכיר, texts/xml/mari0004.xml
דכל, , heb, transcription, דכל, texts/xml/beth0224.xml
דלי, , heb, transcription, </lb>דלי, texts/xml/tibe0001.xml
דם, , heb, transcription, </gap>דם, texts/xml/jord0001.xml
דעבר, , heb, transcription, דעבר, texts/xml/sepp0010.xml
דעוך, , heb, transcription, דעוך, texts/xml/jord0001.xml
דעל, , heb, transcription, דעל, texts/xml/dabb0001.xml
דר, , heb, transcription, </gap></unclear>ד/ר, texts/xml/jord0001.xml
דרהמין, , heb, transcription, דרהמין, texts/xml/tibe0010.xml
דתמא, , heb, transcription, </lb>דתמא, texts/xml/beth0252.xml
דתנחום, , heb, transcription, </lb>דתנחום, texts/xml/sepp0005.xml
ה, , heb, transcription, ה, texts/xml/beth0261.xml
ה, , heb, transcription, ה</unclear>, texts/xml/beth0265.xml
ה, , heb, transcription, ה</supplied>, texts/xml/dabb0003.xml
ה, , heb, transcription, ה</supplied>, texts/xml/huqo0001.xml
ה, , heb, transcription, ה</supplied>, texts/xml/jeru0123.xml
ה, , heb, transcription, </lb>ה, texts/xml/jeru0198.xml
ה, , heb, transcription, </unclear>ה, texts/xml/jord0001.xml
ה, , heb, transcription, </lb></gap>ה, texts/xml/masa0450.xml
ה, , heb, transcription, ה</unclear>, texts/xml/masa0461.xml
ה, , heb, transcription, ה</supplied>, texts/xml/masa0537.xml
ה, , heb, transcription, ה</supplied>, texts/xml/masa0547.xml
ה, , heb, transcription, </lb>ה</unclear>, texts/xml/qumr0001.xml
הא, , heb, transcription, הא, texts/xml/jord0001.xml
האות, , heb, transcription, האות, texts/xml/jord0001.xml
האחרין, , heb, transcription, האחרין, texts/xml/jord0001.xml
הארון, , heb, transcription, הארון, texts/xml/beth0247.xml
הארץ, , heb, transcription, הארץ, texts/xml/jord0001.xml
הגאים, , heb, transcription, הגאים, texts/xml/jord0001.xml
הגדל, , heb, transcription, הגדל, texts/xml/jeru0234.xml
הגדל, , heb, transcription, הגדל</p></div>, texts/xml/jeru0305.xml
הדה, , heb, transcription, </lb>הדה, texts/xml/beth0223.xml
הדי, , heb, transcription, הד</unclear>/י</gap>, texts/xml/qumr0001.xml
הדן, , heb, transcription, </lb>הדן, texts/xml/sepp0010.xml
הו, , heb, transcription, </unclear>הו, texts/xml/jord0001.xml
הו, , heb, transcription, הו</gap>, texts/xml/qumr0002.xml
הוא, , heb, transcription, הוא, texts/xml/jord0001.xml
הוה, , heb, transcription, הוה, texts/xml/jeru0236.xml
הוה, , heb, transcription, הוה, texts/xml/jord0001.xml
הוית, , heb, transcription, הוית, texts/xml/jeru0236.xml
הז, , heb, transcription, הז</unclear>, texts/xml/beth0261.xml
הזה, , heb, transcription, הזה, texts/xml/jaff0052.xml
הזה, , heb, transcription, הזה, texts/xml/jord0001.xml
הזו, , heb, transcription, הזו, texts/xml/beth0250.xml
הזות, , heb, transcription, הזו</supplied>ת, texts/xml/masa0450.xml
הזות, , heb, transcription, הזות, texts/xml/masa0451.xml
הזות, , heb, transcription, הזות</supplied>, texts/xml/masa0452.xml
החסידין, , heb, transcription, החסידין, texts/xml/jord0001.xml
הטוב, , heb, transcription, </gap>הטוב, texts/xml/beth0263.xml
היא, , heb, transcription, היא, texts/xml/jord0001.xml
היכילין, , heb, transcription, היכילין, texts/xml/jeru0236.xml
הכדיןלה, , heb, transcription, הכדיןל</supplied>ה, texts/xml/masa0454.xml
הכהן, , heb, transcription, הכה</supplied>ן, texts/xml/jaff0052.xml
הכהן, , heb, transcription, הכהן, texts/xml/jeru0234.xml
הכהן, , heb, transcription, הכהן, texts/xml/jeru0305.xml
הכוהן, , heb, transcription, הכוהן, texts/xml/sepp0003.xml
הכלה, , heb, transcription, הכלה, texts/xml/jeru0092.xml
הל, , heb, transcription, </lb>ה</unclear>ל</gap>, texts/xml/qumr0001.xml
הליו, , heb, transcription, ה</gap>לי/ו, texts/xml/qumr0001.xml
הליוי, , heb, transcription, הליוי, texts/xml/sepp0006.xml
הללו, , heb, transcription, הללו</supplied>, texts/xml/qumr0001.xml
הללנוסי, , heb, transcription, הלל</gap>נוסי</p></div>, texts/xml/masa0473.xml
הלנא, , heb, transcription, הלנא</p></div>, texts/xml/akld0016.xml
המ, , heb, transcription, המ</unclear>, texts/xml/beth0261.xml
המל, , heb, transcription, המל, texts/xml/jord0001.xml
המלאך, , heb, transcription, המלאך, texts/xml/jord0001.xml
המערה, , heb, transcription, המערה, texts/xml/beth0250.xml
המקום, , heb, transcription, המקום, texts/xml/jord0001.xml
המרכבה, , heb, transcription, המרכבה, texts/xml/jord0001.xml
המרכבות, , heb, transcription, המרכבות, texts/xml/jord0001.xml
הנגי, , heb, transcription, הנגי, texts/xml/jord0001.xml
הנה, , heb, transcription, הנה, texts/xml/jord0001.xml
הנניה, , heb, transcription, הנניה</supplied>, texts/xml/masa0486.xml
הנרא, , heb, transcription, הנרא, texts/xml/jord0001.xml
העגל, , heb, transcription, </lb>העגל</p></div>, texts/xml/jeru0226.xml
העולם, , heb, transcription, העולם, texts/xml/jord0001.xml
העיר, , heb, transcription, העיר</supplied>, texts/xml/huqo0001.xml
העמקי, , heb, transcription, העמקי</p></div>, texts/xml/masa0434.xml
הצדיקים, , heb, transcription, הצדיקים</supplied>, texts/xml/beth0237.xml
הצדק, , heb, transcription, הצדק, texts/xml/jord0001.xml
הצמח, , heb, transcription, הצמח, texts/xml/jord0001.xml
הצץ, , heb, transcription, הצץ, texts/xml/jord0001.xml
הקבר, , heb, transcription, הקבר, texts/xml/beth0255.xml
הקבר, , heb, transcription, </lb>הקבר, texts/xml/jaff0052.xml
הקדושים, , heb, transcription, </lb>הקדושים, texts/xml/beth0239.xml
הקדש, , heb, transcription, </lb>הקדש</supplied>, texts/xml/masa0449.xml
הקדש, , heb, transcription, הקדש</supplied>, texts/xml/masa0450.xml
הקדש, , heb, transcription, </lb>הקדש</supplied>, texts/xml/masa0451.xml
הקדש, , heb, transcription, הקדש</p></div>, texts/xml/masa0452.xml
הקטן, , heb, transcription, </lb>הקטן, texts/xml/beth0233.xml
הקטן, , heb, transcription, </lb>הקטן, texts/xml/beth0256.xml
הקטן, , heb, transcription, הקטן, texts/xml/jord0001.xml
הקפר, , heb, transcription, הקפר, texts/xml/dabb0006.xml
הרה, , heb, transcription, הרה, texts/xml/masa0449.xml
הרה, , heb, transcription, הרה</supplied>, texts/xml/masa0450.xml
הרה, , heb, transcription, הרה, texts/xml/masa0451.xml
הרה, , heb, transcription, הרה, texts/xml/masa0452.xml
הרם, , heb, transcription, הרם</p></div>, texts/xml/bshe0101.xml
הרע, , heb, transcription, הרע, texts/xml/jord0001.xml
השורה, , heb, transcription, השורה, texts/xml/masa0450.xml
השורה, , heb, transcription, השורה, texts/xml/masa0451.xml
השמים, , heb, transcription, </unclear></unclear>השמים, texts/xml/jord0001.xml
השני, , heb, transcription, השני, texts/xml/jord0001.xml
השרין, , heb, transcription, השרין, texts/xml/jord0001.xml
ו, , heb, transcription, ו</p></div>, texts/xml/beth0226.xml
ו, , heb, transcription, ו, texts/xml/beth0246.xml
ו, , heb, transcription, </lb>ו, texts/xml/beth0254.xml
ו, , heb, transcription, ו</supplied>, texts/xml/jeri0001.xml
ו, , heb, transcription, ו, texts/xml/jord0001.xml
ו, , heb, transcription, ו</gap>, texts/xml/masa0449.xml
ו, , heb, transcription, </lb>ו</unclear>, texts/xml/qumr0001.xml
ו, , heb, transcription, ו, texts/xml/sepp0001.xml
ו, , heb, transcription, </lb></gap>ו</unclear>, texts/xml/sepp0002.xml
ואגדה, , heb, transcription, ואגדה, texts/xml/jord0001.xml
ואגיד, , heb, transcription, ואגיד, texts/xml/jord0001.xml
ואטיון, , heb, transcription, ואטיון, texts/xml/beth0237.xml
ואינן, , heb, transcription, </lb>ואינן, texts/xml/masa0449.xml
ואלוף, , heb, transcription, </unclear></unclear></unclear></unclear></unclear></unclear></unclear>ואלוף, texts/xml/jord0001.xml
ואלעזר, , heb, transcription, ואלעזר, texts/xml/jeru0303.xml
ואמ, , heb, transcription, ואמ</unclear>, texts/xml/huqo0001.xml
ואני, , heb, transcription, ואני, texts/xml/jord0001.xml
ואנן, , heb, transcription, </lb>ואנן, texts/xml/masa0451.xml
ואראה, , heb, transcription, ואראה, texts/xml/jord0001.xml
ואת, , heb, transcription, ואת, texts/xml/jord0001.xml
ואת, , heb, transcription, </lb>ואת, texts/xml/qumr0001.xml
ואתת, , heb, transcription, </lb>ואתת, texts/xml/jeru0085.xml
וב, , heb, transcription, </lb></gap>וב</supplied>, texts/xml/sepp0001.xml
ובידו, , heb, transcription, ובידו</p></div>, texts/xml/masa0468.xml
ובנוי, , heb, transcription, </lb>ובנוי, texts/xml/sepp0004.xml
ובנוי, , heb, transcription, ובנוי, texts/xml/sepp0008.xml
ובנוי, , heb, transcription, ובנוי, texts/xml/sepp0010.xml
ובני, , heb, transcription, ובני, texts/xml/sepp0006.xml
וברה, , heb, transcription, וברה, texts/xml/jeru0045.xml
וברוכין, , heb, transcription, וברוכי</supplied>ן, texts/xml/huqo0001.xml
ובריה, , heb, transcription, </gap>ובריה</p></div>, texts/xml/masa0504.xml
ובשבועה, , heb, transcription, </lb>ובשבועה, texts/xml/beth0224.xml
וד, , heb, transcription, </gap>וד</unclear>, texts/xml/beth0263.xml
ודה, , heb, transcription, ודה</p></div>, texts/xml/beth0265.xml
ודעתיד, , heb, transcription, ודעתיד, texts/xml/tibe0003.xml
וה, , heb, transcription, וה, texts/xml/jord0001.xml
והאתאנים, , heb, transcription, </lb>וה/אתאנים, texts/xml/qumr0001.xml
והו, , heb, transcription, </unclear></unclear></unclear></gap></unclear></unclear>והו, texts/xml/jord0001.xml
והנפש, , heb, transcription, והנפש, texts/xml/jeru0303.xml
והשבין, , heb, transcription, והשבין, texts/xml/jord0001.xml
וחלפ, , heb, transcription, וחלפ</supplied>, texts/xml/sepp0007.xml
וטפחים, , heb, transcription, </lb>וטפחים, texts/xml/masa0585.xml
וי, , heb, transcription, וי, texts/xml/jord0001.xml
וי, , heb, transcription, ו/י, texts/xml/qumr0001.xml
וכולאילנ, , heb, transcription, </lb>וכולאילנ, texts/xml/qumr0001.xml
וכרי, , heb, transcription, </unclear></unclear>וכרי, texts/xml/jord0001.xml
ולא, , heb, transcription, ולא, texts/xml/jeru0042.xml
ולי, , heb, transcription, ולי, texts/xml/tibe0003.xml
ולכול, , heb, transcription, ולכול, texts/xml/jord0001.xml
ום, , heb, transcription, ום</supplied>, texts/xml/huqo0001.xml
ום, , heb, transcription, ו</unclear>ם, texts/xml/qumr0001.xml
ומחר, , heb, transcription, ומחר, texts/xml/jord0001.xml
ומירים, , heb, transcription, ומירים</p></div>, texts/xml/beth0251.xml
ומעשות, , heb, transcription, ומעשות, texts/xml/ahma0001.xml
ומרתא, , heb, transcription, </lb>ומרתא, texts/xml/jeru0132.xml
ומתיה, , heb, transcription, </lb>ומתיה, texts/xml/jeru0045.xml
ונ, , heb, transcription, ונ, texts/xml/jord0001.xml
ונהרי, , heb, transcription, </lb>ונהרי, texts/xml/sepp0005.xml
וסמקה, , heb, transcription, וסמקה, texts/xml/sepp0005.xml
ופצ, , heb, transcription, ופצ, texts/xml/dabb0001.xml
ופרוטין, , heb, transcription, ופרו</supplied>טין, texts/xml/masa0450.xml
ופרוטין, , heb, transcription, </lb>ופרוטין, texts/xml/masa0452.xml
ופריגרי, , heb, transcription, </lb>ופריגרי, texts/xml/sepp0003.xml
ורח, , heb, transcription, </unclear>ורח, texts/xml/jord0001.xml
ורן, , heb, transcription, ורן, texts/xml/beth0281.xml
וש, , heb, transcription, וש, texts/xml/beth0239.xml
ושלום, , heb, transcription, ו</unclear>שלום</p></div>, texts/xml/jaff0054.xml
ושערי, , heb, transcription, ושערי, texts/xml/jord0001.xml
וששה, , heb, transcription, </lb>וששה, texts/xml/beth0237.xml
ושתי, , heb, transcription, </lb>ושתי, texts/xml/masa0585.xml
ושתים, , heb, transcription, ושתים, texts/xml/beth0237.xml
ות, , heb, transcription, ות</supplied>, texts/xml/jord0001.xml
ז, , heb, transcription, </unclear>ז, texts/xml/jord0001.xml
זבדיא, , heb, transcription, ז</supplied>בדיא</p></div>, texts/xml/masa0399.xml
זה, , heb, transcription, זה, texts/xml/beth0227.xml
זה, , heb, transcription, זה, texts/xml/beth0228.xml
זה, , heb, transcription, זה, texts/xml/dabb0006.xml
זה, , heb, transcription, </lb>זה, texts/xml/jeru0303.xml
זה, , heb, transcription, זה, texts/xml/jord0001.xml
זהום, , heb, transcription, זה</supplied>ום, texts/xml/jaff0054.xml
זהל, , heb, transcription, זהל</supplied>, texts/xml/beth0248.xml
זו, , heb, transcription, זו</gap></p></div>, texts/xml/beth0245.xml
זו, , heb, transcription, זו, texts/xml/beth0250.xml
זו, , heb, transcription, זו, texts/xml/jord0001.xml
זוא, , heb, transcription, זוא, texts/xml/beth0244.xml
זונ, , heb, transcription, זונ</supplied>, texts/xml/beth0246.xml
זי, , heb, transcription, זי, texts/xml/jeru0236.xml
זירב, , heb, transcription, זי</supplied>רב, texts/xml/mger0037.xml
זכר, , heb, transcription, </lb>זכר, texts/xml/beth0247.xml
זכר, , heb, transcription, זכר, texts/xml/beth0248.xml
זכר, , heb, transcription, ז</supplied>כר</unclear>, texts/xml/masa0418.xml
זכריה, , heb, transcription, זכריה</supplied>, texts/xml/masa0477.xml
זקה, , heb, transcription, זקה, texts/xml/sepp0007.xml
זקי, , heb, transcription, זקי</supplied>, texts/xml/huqo0001.xml
ח, , heb, transcription, ח, texts/xml/jord0001.xml
ח, , heb, transcription, ח</gap></gap></p></div>, texts/xml/masa0387.xml
ח, , heb, transcription, ח</unclear>, texts/xml/qumr0001.xml
חביב, , heb, transcription, חביב, texts/xml/jord0001.xml
חבל, , heb, transcription, </lb>חבל</unclear>, texts/xml/beth0261.xml
חבל, , heb, transcription, חבל</p></div>, texts/xml/beth0281.xml
חגי, , heb, transcription, חגי, texts/xml/jeru0186.xml
חדו, , heb, transcription, חדו, texts/xml/elji0002.xml
חדן, , heb, transcription, (?חדן), texts/xml/elji0002.xml
חודשים, , heb, transcription, חודשים, texts/xml/beth0237.xml
חוני, , heb, transcription, חוני</p></div>, texts/xml/masa0433.xml
חוניה, , heb, transcription, חוניה</p></div>, texts/xml/masa0505.xml
חוקותיו, , heb, transcription, חוקותיו, texts/xml/ahma0001.xml
חזיר, , heb, transcription, חזיר</p></div>, texts/xml/jeru0303.xml
חזקיה, , heb, transcription, חזקיה</p></div>, texts/xml/masa0385.xml
חזקיל, , heb, transcription, חזקיל, texts/xml/jeru0095.xml
חזקין, , heb, transcription, חזקין</p></div>, texts/xml/masa0386.xml
חמשה, , heb, transcription, חמשה, texts/xml/jord0001.xml
חנארו, , heb, transcription, </unclear></unclear></unclear></unclear>חנארו, texts/xml/jord0001.xml
חנה, , heb, transcription, חנה</p></div>, texts/xml/akld0011.xml
חנה, , heb, transcription, חנה</p></div>, texts/xml/akld0012.xml
חני, , heb, transcription, </lb></gap>חני, texts/xml/jeru0236.xml
חני, , heb, transcription, חני, texts/xml/qumr0001.xml
חניה, , heb, transcription, חניה, texts/xml/jeru0303.xml
חנין, , heb, transcription, </supplied>חנין, texts/xml/jeru0177.xml
חנינא, , heb, transcription, </lb>חנינא, texts/xml/masa0484.xml
חנינא, , heb, transcription, חנינא</p></div>, texts/xml/masa0488.xml
חננ, , heb, transcription, </lb>חננ, texts/xml/jeru0148.xml
חנני, , heb, transcription, חנני</supplied>, texts/xml/masa0461.xml
חנניה, , heb, transcription, </lb></gap>חנניה, texts/xml/jaff0057.xml
חנניה, , heb, transcription, </lb>חנניה, texts/xml/jeru0040.xml
חנניה, , heb, transcription, </lb>חנניה, texts/xml/jeru0162.xml
חנניה, , heb, transcription, </lb>חנניה, texts/xml/jeru0193.xml
חנניה, , heb, transcription, חנניה</p></div>, texts/xml/masa0392.xml
חנניה, , heb, transcription, </lb>חנניה, texts/xml/shap0002.xml
חנניה, , heb, transcription, </lb>חנניה, texts/xml/shap0003.xml
חסד, , heb, transcription, חסד, texts/xml/jord0001.xml
חת, , heb, transcription, חת, texts/xml/jord0001.xml
חתומפותביות, , heb, transcription, ח</unclear>/תו</unclear>מ/פות</unclear>בי/ות, texts/xml/qumr0001.xml
ט, , heb, transcription, ט</p></div>, texts/xml/masa0445.xml
טב, , heb, transcription, טב, texts/xml/sepp0002.xml
טבחי, , heb, transcription, טבחי, texts/xml/jord0001.xml
טבלה, , heb, transcription, טבלה, texts/xml/beth0229.xml
טבלה, , heb, transcription, טבלה</supplied>, texts/xml/sepp0010.xml
טבת, , heb, transcription, טבת</supplied>, texts/xml/tibe0009.xml
טהור, , heb, transcription, טהור</p></div>, texts/xml/masa0456.xml
טהר, , heb, transcription, </gap>טהר</gap></p></div>, texts/xml/masa0449.xml
טובי, , heb, transcription, טובי</p></div>, texts/xml/masa0409.xml
טלה, , heb, transcription, טלה, texts/xml/tibe0001.xml
י, , heb, transcription, </gap>י, texts/xml/beth0259.xml
י, , heb, transcription, י</unclear>, texts/xml/beth0265.xml
י, , heb, transcription, </unclear></unclear></unclear>י, texts/xml/jord0001.xml
י, , heb, transcription, י, texts/xml/laha0003.xml
י, , heb, transcription, י</gap></p></div>, texts/xml/masa0518.xml
י, , heb, transcription, </gap>י</unclear>, texts/xml/masa0546.xml
י, , heb, transcription, י</unclear>, texts/xml/qumr0001.xml
י, , heb, transcription, י</unclear>, texts/xml/sepp0001.xml
י, , heb, transcription, י</unclear>, texts/xml/sepp0007.xml
יאמר, , heb, transcription, יאמר, texts/xml/jord0001.xml
יד, , heb, transcription, </gap></unclear></unclear></unclear></unclear></unclear></unclear></unclear>יד, texts/xml/jord0001.xml
יה, , heb, transcription, יה</supplied>, texts/xml/jord0001.xml
יה, , heb, transcription, י</supplied>ה</p></div>, texts/xml/masa0418.xml
יהא, , heb, transcription, יהא, texts/xml/huqo0001.xml
יהו, , heb, transcription, יהו, texts/xml/jord0001.xml
יהו, , heb, transcription, </lb>יהו, texts/xml/masa0484.xml
יהו, , heb, transcription, יהו</p></div>, texts/xml/masa0485.xml
יהוא, , heb, transcription, יהוא</unclear>, texts/xml/masa0398.xml
יהוד, , heb, transcription, </lb>יהוד</unclear>, texts/xml/masa0547.xml
יהוד, , heb, transcription, </lb>יהוד</p></div>, texts/xml/thar0001.xml
יהודא, , heb, transcription, יהודא, texts/xml/hebr0001.xml
יהודה, , heb, transcription, </lb>יהודה, texts/xml/beth0237.xml
יהודה, , heb, transcription, יהודה, texts/xml/beth0249.xml
יהודה, , heb, transcription, יהודה, texts/xml/beth0256.xml
יהודה, , heb, transcription, </lb>יהודה, texts/xml/jeru0017.xml
יהודה, , heb, transcription, </lb>יהודה, texts/xml/jeru0132.xml
יהודה, , heb, transcription, </lb>יהודה, texts/xml/jeru0133.xml
יהודה, , heb, transcription, יהודה, texts/xml/jeru0303.xml
יהודה, , heb, transcription, יהודה, texts/xml/jord0001.xml
יהודה, , heb, transcription, יהודה, texts/xml/masa0351.xml
יהודה, , heb, transcription, </lb>יהודה, texts/xml/masa0484.xml
יהודה, , heb, transcription, יהודה</p></div>, texts/xml/masa0489.xml
יהודה, , heb, transcription, יהודה</p></div>, texts/xml/masa0490.xml
יהודה, , heb, transcription, יה</supplied>ודה</p></div>, texts/xml/masa0491.xml
יהודה, , heb, transcription, יהודה</p></div>, texts/xml/masa0492.xml
יהודה, , heb, transcription, יהו</supplied>דה</p></div>, texts/xml/masa0493.xml
יהודהא, , heb, transcription, יהו</supplied>דהא</supplied>, texts/xml/masa0471.xml
יהוה, , heb, transcription, יהוה, texts/xml/jord0001.xml
יהוחנה, , heb, transcription, </lb>יהוחנה, texts/xml/jeru0112.xml
יהוחנה, , heb, transcription, </lb>יהוחנה, texts/xml/jeru0234.xml
יהוחנה, , heb, transcription, </lb>יהוחנה, texts/xml/jeru0305.xml
יהוחנן, , heb, transcription, יהוחנן</p></div>, texts/xml/isaw0001.xml
יהוחנן, , heb, transcription, </lb>יהוחנן, texts/xml/jeru0095.xml
יהוחנן, , heb, transcription, יהוחנן, texts/xml/jeru0234.xml
יהוחנן, , heb, transcription, יהוחנן, texts/xml/masa0302.xml
יהוחנן, , heb, transcription, יהוחנן, texts/xml/masa0313.xml
יהוחנן, , heb, transcription, יהוחנן, texts/xml/masa0329.xml
יהוחנן, , heb, transcription, יהוחנן, texts/xml/masa0341.xml
יהוחנן, , heb, transcription, </lb>יהוח</supplied>נן, texts/xml/masa0395.xml
יהוחנן, , heb, transcription, יהוחנן, texts/xml/masa0396.xml
יהוחנן, , heb, transcription, יהוחנן, texts/xml/masa0397.xml
יהוחנן, , heb, transcription, יהוחנן</supplied>, texts/xml/masa0412.xml
יהוחנן, , heb, transcription, יה</supplied>וחנן</p></div>, texts/xml/masa0417.xml
יהוחנן, , heb, transcription, יהוחנן, texts/xml/masa0484.xml
יהונתן, , heb, transcription, </lb>יהונתן, texts/xml/jeru0066.xml
יהונתנ, , heb, transcription, </lb>יהונתנ, texts/xml/jeru0066.xml
יהוסף, , heb, transcription, </lb>יהוסף, texts/xml/jent0006.xml
יהוסף, , heb, transcription, יהוסף, texts/xml/jeru0005.xml
יהוסף, , heb, transcription, </lb>יהוסף, texts/xml/jeru0007.xml
יהוסף, , heb, transcription, י</add>הוסף, texts/xml/jeru0009.xml
יהוסף, , heb, transcription, </lb>יהוסף, texts/xml/jeru0010.xml
יהוסף, , heb, transcription, יהוסף, texts/xml/jeru0107.xml
יהוסף, , heb, transcription, </lb>יהוסף, texts/xml/jeru0186.xml
יהוסף, , heb, transcription, יהו</supplied>סף, texts/xml/masa0395.xml
יהוסף, , heb, transcription, יהוסף</p></div>, texts/xml/masa0470.xml
יהוסף, , heb, transcription, יהוסף, texts/xml/masa0474.xml
יהוסף, , heb, transcription, יהוסף</p></div>, texts/xml/masa0494.xml
יהוסף, , heb, transcription, יהוסף</p></div>, texts/xml/masa0495.xml
יהוסף, , heb, transcription, יהוסף</p></div>, texts/xml/masa0496.xml
יהוסף, , heb, transcription, יהו</supplied>סף</p></div>, texts/xml/masa0497.xml
יהוסף, , heb, transcription, יהוסף, texts/xml/mtsc0001.xml
יהוספ, , heb, transcription, </space>יהוספ, texts/xml/jeru0118.xml
יהוספ, , heb, transcription, </lb>יהוס]פ, texts/xml/qumr0002.xml
יהועזר, , heb, transcription, </lb>יהועזר, texts/xml/jeri0005.xml
יהועזר, , heb, transcription, </lb>יהועזר, texts/xml/jeri0012.xml
יהושוע, , heb, transcription, יהושוע, texts/xml/beth0246.xml
יהושוע, , heb, transcription, יהושוע, texts/xml/beth0247.xml
יהושוע, , heb, transcription, יהושוע, texts/xml/jaff0054.xml
יהותנן, , heb, transcription, יהותנן, texts/xml/masa0484.xml
יהותנן, , heb, transcription, יה</supplied>ותנן</p></div>, texts/xml/masa0487.xml
יהי, , heb, transcription, יהי, texts/xml/beth0224.xml
יהי, , heb, transcription, </lb>יהי, texts/xml/beth0227.xml
יהיוחנן, , heb, transcription, יהיוחנן, texts/xml/jeru0305.xml
יהקים, , heb, transcription, </lb>יהקים, texts/xml/jeru0204.xml
יודה, , heb, transcription, יודה, texts/xml/dabb0002.xml
יודן, , heb, transcription, יודן, texts/xml/beth0227.xml
יודן, , heb, transcription, יודן, texts/xml/beth0228.xml
יודן, , heb, transcription, </lb>יודן, texts/xml/jaff0052.xml
יודן, , heb, transcription, </lb>יודן, texts/xml/sepp0003.xml
יודן, , heb, transcription, </lb>יודן, texts/xml/sepp0005.xml
יוחנן, , heb, transcription, יוחנן, texts/xml/beth0224.xml
יוחנן, , heb, transcription, יוחנן, texts/xml/jeru0303.xml
יוסף, , heb, transcription, </lb>יוסף, texts/xml/beth0258.xml
יוסף, , heb, transcription, יוסף, texts/xml/jeru0180.xml
יוסף, , heb, transcription, יוסף, texts/xml/jeru0303.xml
יוספ, , heb, transcription, יוספ, texts/xml/jeru0303.xml
יועזר, , heb, transcription, יועזר, texts/xml/jeru0303.xml
יועזר, , heb, transcription, יועזר</p></div>, texts/xml/masa0383.xml
יכ, , heb, transcription, </gap>יכ, texts/xml/jord0001.xml
ילכ, , heb, transcription, </unclear>ילכ, texts/xml/jord0001.xml
ים, , heb, transcription, </supplied>ים, texts/xml/tibe0001.xml
ימות, , heb, transcription, </lb>ימות, texts/xml/beth0223.xml
ימיה, , heb, transcription, ימיה</supplied>, texts/xml/dabb0001.xml
ימין, , heb, transcription, ימין, texts/xml/jord0001.xml
יננה, , heb, transcription, יננה, texts/xml/dabb0003.xml
ינניה, , heb, transcription, </lb>ינניה</supplied>, texts/xml/masa0484.xml
יס, , heb, transcription, יס</p></div>, texts/xml/beth0272.xml
יעקב, , heb, transcription, יעקב, texts/xml/jeru0118.xml
יעקוב, , heb, transcription, יעקוב</p></div>, texts/xml/masa0499.xml
יעקוב, , heb, transcription, יעקוב</p></div>, texts/xml/masa0500.xml
יעקוב, , heb, transcription, יעקוב</p></div>, texts/xml/masa0501.xml
יפה, , heb, transcription, </lb>יפה</p></div>, texts/xml/masa0516.xml
יפה, , heb, transcription, יפה</p></div>, texts/xml/masa0520.xml
יצאו, , heb, transcription, יצאו, texts/xml/jord0001.xml
יצחק, , heb, transcription, יצחק, texts/xml/beth0255.xml
יצחק, , heb, transcription, יצחק, texts/xml/beth0258.xml
יצחק, , heb, transcription, </lb>יצחק, texts/xml/beth0259.xml
יצחק, , heb, transcription, </lb>יצחק, texts/xml/sepp0003.xml
ירושלם, , heb, transcription, </lb>ירושלם, texts/xml/jeri0002.xml
ירושלם, , heb, transcription, ירושלם, texts/xml/jord0001.xml
ירשלם, , heb, transcription, </unclear></unclear>ירשלם, texts/xml/jord0001.xml
יש, , heb, transcription, יש, texts/xml/jord0001.xml
ישוע, , heb, transcription, </lb>ישוע, texts/xml/jeru0005.xml
ישוע, , heb, transcription, י</supplied>שוע</p></div>, texts/xml/masa0414.xml
ישוע, , heb, transcription, ישוע</p></div>, texts/xml/masa0457.xml
ישראל, , heb, transcription, </lb>י</supplied>שראל, texts/xml/haif0010.xml
ישראל, , heb, transcription, ישראל, texts/xml/jord0001.xml
ישראל, , heb, transcription, </lb>ישראל</p></div>, texts/xml/juda0001.xml
יתום, , heb, transcription, </lb></gap>יתום, texts/xml/tibe0010.xml
יתרא, , heb, transcription, יתרא, texts/xml/jeri0001.xml
ך, , heb, transcription, </gap></unclear></unclear></unclear></unclear></unclear></unclear></unclear></unclear></unclear>ך, texts/xml/jord0001.xml
כ, , heb, transcription, כ</p></div>, texts/xml/masa0517.xml
כבוד, , heb, transcription, כבוד, texts/xml/jord0001.xml
כבלין, , heb, transcription, </lb>כבלין, texts/xml/jeru0180.xml
כדנין, , heb, transcription, </lb>כדנין, texts/xml/jeru0236.xml
כה, , heb, transcription, כה, texts/xml/jord0001.xml
כהן, , heb, transcription, כהן, texts/xml/jord0001.xml
כהנא, , heb, transcription, כהנא, texts/xml/masa0461.xml
כהנים, , heb, transcription, </lb>כהנים, texts/xml/jeru0303.xml
כוהני, , heb, transcription, כוהני</unclear>, texts/xml/beth0261.xml
כוהנים, , heb, transcription, </gap>כוהנים</p></div>, texts/xml/beth0260.xml
כול, , heb, transcription, כול, texts/xml/jord0001.xml
כוסבא, , heb, transcription, כוסבא</ex></expan>, texts/xml/juda0001.xml
כי, , heb, transcription, כי, texts/xml/jord0001.xml
כיסה, , heb, transcription, כיסה</p></div>, texts/xml/masa0546.xml
כל, , heb, transcription, </lb>כל, texts/xml/huqo0001.xml
כלן, , heb, transcription, כלן, texts/xml/masa0450.xml
כלן, , heb, transcription, כלן</add>, texts/xml/masa0452.xml
כן, , heb, transcription, כן, texts/xml/beth0237.xml
כן, , heb, transcription, כן, texts/xml/huqo0001.xml
כן, , heb, transcription, כן, texts/xml/jord0001.xml
כסמכך, , heb, transcription, כסמכך, texts/xml/jord0001.xml
כפתה, , heb, transcription, </foreign>כפתה, texts/xml/dabb0001.xml
כרוטין, , heb, transcription, כרוטין, texts/xml/masa0449.xml
כרשנין, , heb, transcription, כרשנין</p></div>, texts/xml/masa0543.xml
כשירין, , heb, transcription, כשירין</supplied>, texts/xml/masa0449.xml
כשירין, , heb, transcription, כשירין, texts/xml/masa0450.xml
כשירין, , heb, transcription, כשירין, texts/xml/masa0451.xml
כשירין, , heb, transcription, כשירין</supplied>, texts/xml/masa0452.xml
כתבה, , heb, transcription, כתבה, texts/xml/masa0039.xml
כתבה, , heb, transcription, כתבה, texts/xml/masa0514.xml
כתבידח, , heb, transcription, </lb></gap>כתבידח</p></div>, texts/xml/masa0039.xml
כתבידח, , heb, transcription, </lb></gap>כתבידח</p></div>, texts/xml/masa0514.xml
כתבידח, , heb, transcription, </gap>כתבידח</p></div>, texts/xml/masa0515.xml
ל, , heb, transcription, ל, texts/xml/beth0239.xml
ל, , heb, transcription, </unclear>ל</unclear>, texts/xml/beth0241.xml
ל, , heb, transcription, </lb>ל, texts/xml/beth0254.xml
ל, , heb, transcription, </lb>ל, texts/xml/beth0275.xml
ל, , heb, transcription, ל</p></div>, texts/xml/hali0001.xml
ל, , heb, transcription, ל</unclear>, texts/xml/huqo0001.xml
ל, , heb, transcription, </lb></unclear>ל, texts/xml/jeru0072.xml
ל, , heb, transcription, </unclear></unclear></unclear>ל, texts/xml/jord0001.xml
ל, , heb, transcription, ל</gap>, texts/xml/qumr0001.xml
לא, , heb, transcription, לא</supplied>, texts/xml/ahma0001.xml
לאונט, , heb, transcription, לאונט</unclear>, texts/xml/beth0272.xml
לאזעזר, , heb, transcription, </lb>לאזעזר, texts/xml/qumr0001.xml
לאכים, , heb, transcription, לאכים, texts/xml/jord0001.xml
לאלפים, , heb, transcription, לאלפים, texts/xml/jord0001.xml
לב, , heb, transcription, </unclear></unclear></unclear>לב, texts/xml/jord0001.xml
לביתריז, , heb, transcription, לביתריז</supplied>, texts/xml/jeru0309.xml
לברכה, , heb, transcription, לברכה, texts/xml/beth0247.xml
לברכה, , heb, transcription, </lb>לברכה, texts/xml/beth0248.xml
לג, , heb, transcription, לג, texts/xml/masa0593.xml
לג, , heb, transcription, לג, texts/xml/masa0594.xml
לג, , heb, transcription, לג, texts/xml/masa0595.xml
לה, , heb, transcription, לה, texts/xml/dabb0004.xml
לה, , heb, transcription, ל</unclear>ה</p></div>, texts/xml/masa0539.xml
לה, , heb, transcription, </gap>לה</gap>, texts/xml/qumr0001.xml
לה, , heb, transcription, לה, texts/xml/tibe0003.xml
לו, , heb, transcription, לו</unclear>, texts/xml/beth0276.xml
לו, , heb, transcription, </unclear>לו, texts/xml/jord0001.xml
לוד, , heb, transcription, לוד, texts/xml/jaff0052.xml
לווי, , heb, transcription, </lb>לווי, texts/xml/beth0228.xml
לווי, , heb, transcription, לווי, texts/xml/beth0246.xml
לוי, , heb, transcription, לוי, texts/xml/beth0227.xml
לום, , heb, transcription, לום</p></div>, texts/xml/beth0266.xml
לחנונה, , heb, transcription, </lb>לחנונה, texts/xml/thar0001.xml
לטב, , heb, transcription, </lb>לטב, texts/xml/mari0004.xml
לטב, , heb, transcription, לטב, texts/xml/sepp0004.xml
לטהרת, , heb, transcription, לטהרת</supplied>, texts/xml/masa0449.xml
לטהרת, , heb, transcription, ל</supplied>טהרת</supplied>, texts/xml/masa0450.xml
לטהרת, , heb, transcription, לטהרת</supplied>, texts/xml/masa0451.xml
לטהרת, , heb, transcription, </lb>לטהרת, texts/xml/masa0452.xml
לטהרת, , heb, transcription, לטהרת</supplied>, texts/xml/masa0453b.xml
לי, , heb, transcription, </unclear>לי, texts/xml/jord0001.xml
ליהוה, , heb, transcription, ליהוה, texts/xml/jord0001.xml
ליואת, , heb, transcription, </lb>לי/ואת, texts/xml/qumr0001.xml
ליודן, , heb, transcription, </lb>ליודן, texts/xml/beth0274.xml
ליקרה, , heb, transcription, </lb>ליקרה, texts/xml/mari0004.xml
לישראל, , heb, transcription, לישראל, texts/xml/jord0001.xml
לך, , heb, transcription, לך, texts/xml/jeru0236.xml
לך, , heb, transcription, </unclear></unclear>לך, texts/xml/jord0001.xml
לכה, , heb, transcription, לכה, texts/xml/jord0001.xml
ללטהרת, , heb, transcription, </lb></gap>ל</gap>לטהרת, texts/xml/masa0450.xml
למעבדא, , heb, transcription, למעבדא, texts/xml/jeru0236.xml
למען, , heb, transcription, </unclear></unclear></unclear>למען, texts/xml/jord0001.xml
למפתח, , heb, transcription, למפתח, texts/xml/jeru0042.xml
למצין, , heb, transcription, </supplied>למצין, texts/xml/jeru0231.xml
לנ, , heb, transcription, </lb>ל</gap>נ</unclear>, texts/xml/qumr0001.xml
לני, , heb, transcription, </gap></unclear></gap>לני, texts/xml/jord0001.xml
לעולם, , heb, transcription, לעולם, texts/xml/beth0227.xml
לעולם, , heb, transcription, </lb>ל</supplied>עולם, texts/xml/unkn0103.xml
לעום, , heb, transcription, לעום, texts/xml/beth0228.xml
לעזר, , heb, transcription, ל</supplied>עזר, texts/xml/jaff0054.xml
לפלליה, , heb, transcription, לפ</unclear>ללי</unclear>ה</p></div>, texts/xml/masa0419.xml
לפני, , heb, transcription, לפני, texts/xml/jord0001.xml
לפנך, , heb, transcription, לפנך, texts/xml/jord0001.xml
לשות, , heb, transcription, לשות, texts/xml/jord0001.xml
לשלושת, , heb, transcription, לשלושת, texts/xml/jord0001.xml
לשלשת, , heb, transcription, לשלשת, texts/xml/jord0001.xml
לשנם, , heb, transcription, </unclear></unclear></unclear>לשנם, texts/xml/jord0001.xml
ם, , heb, transcription, ם, texts/xml/beth0254.xml
ם, , heb, transcription, ם, texts/xml/beth0261.xml
ם, , heb, transcription, ם</p></div>, texts/xml/beth0276.xml
ם, , heb, transcription, </lb></gap>ם</unclear>, texts/xml/jaff0057.xml
ם, , heb, transcription, </unclear></unclear></unclear>ם, texts/xml/jord0001.xml
ם, , heb, transcription, ם, texts/xml/sepp0002.xml
מ, , heb, transcription, מ, texts/xml/jeru0194.xml
מ, , heb, transcription, מ, texts/xml/jeru0206.xml
מ, , heb, transcription, </unclear></unclear></unclear>מ, texts/xml/jord0001.xml
מ, , heb, transcription, מ</unclear>, texts/xml/masa0549.xml
מ, , heb, transcription, מ</p></div>, texts/xml/masa0589.xml
מ, , heb, transcription, </g></num>מ</unclear>, texts/xml/masa0597.xml
מ, , heb, transcription, </g></num>מ, texts/xml/masa0598.xml
מ, , heb, transcription, </g></g></num>מ, texts/xml/masa0599.xml
מ, , heb, transcription, מ, texts/xml/sepp0002.xml
מא, , heb, transcription, מא, texts/xml/jord0001.xml
מאית, , heb, transcription, </lb>מאית, texts/xml/beth0224.xml
מאמא, , heb, transcription, מ</unclear>אמא</unclear>, texts/xml/jaff0054.xml
מביתי, , heb, transcription, מביתי, texts/xml/jord0001.xml
מבמני, , heb, transcription, מבמני, texts/xml/jeru0303.xml
מבקש, , heb, transcription, מבקש, texts/xml/jord0001.xml
מגה, , heb, transcription, מגה, texts/xml/beth0246.xml
מדרשו, , heb, transcription, </lb>מדרשו, texts/xml/dabb0006.xml
מה, , heb, transcription, מה, texts/xml/jord0001.xml
מוזנים, , heb, transcription, </lb>מוזנים, texts/xml/tibe0001.xml
מושבו, , heb, transcription, מושבו, texts/xml/jord0001.xml
מז, , heb, transcription, </gap>מז</unclear>, texts/xml/masa0544.xml
מח, , heb, transcription, מח, texts/xml/jeru0236.xml
מי, , heb, transcription, מי, texts/xml/jord0001.xml
מיאשה, , heb, transcription, מיאשה, texts/xml/beth0244.xml
מיכאל, , heb, transcription, מיכאל, texts/xml/jord0001.xml
מין, , heb, transcription, מין, texts/xml/masa0449.xml
מל, , heb, transcription, </unclear></unclear></unclear></gap>מל, texts/xml/jord0001.xml
מלאכה, , heb, transcription, </unclear></unclear></unclear>מלאכה, texts/xml/jord0001.xml
מלכנ, , heb, transcription, </lb>מלכנ</gap>, texts/xml/tdor0002.xml
מלפני, , heb, transcription, מלפני, texts/xml/jord0001.xml
מלפניך, , heb, transcription, מלפניך, texts/xml/jord0001.xml
ממירושלם, , heb, transcription, ממירושלם, texts/xml/jord0001.xml
מן, , heb, transcription, מן, texts/xml/beth0223.xml
מן, , heb, transcription, מן, texts/xml/dabb0001.xml
מן, , heb, transcription, מן, texts/xml/jord0001.xml
מן, , heb, transcription, </gap>מן</unclear>, texts/xml/masa0544.xml
מנהינ, , heb, transcription, </lb>מנהינ, texts/xml/jeru0118.xml
מנוחתה, , heb, transcription, מנוחתה, texts/xml/beth0242.xml
מניס, , heb, transcription, </lb>מניס, texts/xml/jeru0051.xml
מע, , heb, transcription, מע</unclear>, texts/xml/sepp0009.xml
מעבד, , heb, transcription, מעבד, texts/xml/tibe0003.xml
מעט, , heb, transcription, מעט, texts/xml/jord0001.xml
מעין, , heb, transcription, מעין, texts/xml/jeru0206.xml
מעין, , heb, transcription, מעין</unclear>, texts/xml/qumr0002.xml
מערב, , heb, transcription, מערב</p></div>, texts/xml/masa0550.xml
מעשר, , heb, transcription, מעשר</p></div>, texts/xml/masa0441.xml
מצוותיו, , heb, transcription, מצוותיו</supplied>, texts/xml/ahma0001.xml
מצות, , heb, transcription, </lb>מצות, texts/xml/huqo0001.xml
מצותה, , heb, transcription, מצותה, texts/xml/tibe0003.xml
מק, , heb, transcription, מק</unclear>, texts/xml/beth0267.xml
מק, , heb, transcription, מק, texts/xml/jord0001.xml
מקים, , heb, transcription, מקים, texts/xml/beth0255.xml
מר, , heb, transcription, </lb>מר, texts/xml/evro0014.xml
מר, , heb, transcription, מר, texts/xml/jord0001.xml
מריה, , heb, transcription, </lb>מריה, texts/xml/jeri0011.xml
מרים, , heb, transcription, מרים, texts/xml/beth0243.xml
מרים, , heb, transcription, מרים</p></div>, texts/xml/jeru0300.xml
מרעיש, , heb, transcription, מרעיש, texts/xml/jord0001.xml
מרתא, , heb, transcription, </lb>מרתא, texts/xml/jeru0156.xml
משכבו, , heb, transcription, </lb>משכבו, texts/xml/beth0227.xml
משכבו, , heb, transcription, משכבו</supplied>, texts/xml/beth0238.xml
משמר, , heb, transcription, משמר, texts/xml/ahma0001.xml
מת, , heb, transcription, </lb>מת, texts/xml/jeru0198.xml
מתו, , heb, transcription, מתו, texts/xml/jord0001.xml
מתח, , heb, transcription, </lb>מתח</unclear>, texts/xml/huqo0001.xml
מתיה, , heb, transcription, מתיה</p></div>, texts/xml/anna0001.xml
מתיה, , heb, transcription, מתיה, texts/xml/jeru0045.xml
מתיה, , heb, transcription, מתיה</p></div>, texts/xml/masa0498.xml
מתכמתב, , heb, transcription, </lb>מתכ/מתב(?), texts/xml/shap0004.xml
מתמתי, , heb, transcription, </lb>מ/ת/</gap>מ/ת/</gap>י</unclear>, texts/xml/qumr0001.xml
מתתיה, , heb, transcription, </lb>מתתיה, texts/xml/jeru0025.xml
מתתיה, , heb, transcription, </lb>מתתיה, texts/xml/jeru0044.xml
ן, , heb, transcription, ן, texts/xml/beth0237.xml
ן, , heb, transcription, ן</unclear>, texts/xml/huqo0001.xml
ן, , heb, transcription, </lb>ן, texts/xml/jeru0190.xml
ן, , heb, transcription, </gap></unclear></unclear></unclear>ן, texts/xml/jord0001.xml
ן, , heb, transcription, ן</supplied>, texts/xml/sepp0002.xml
ן, , heb, transcription, ן, texts/xml/sepp0007.xml
נ, , heb, transcription, </gap>נ</unclear>, texts/xml/beth0263.xml
נ, , heb, transcription, נ</unclear>, texts/xml/beth0271.xml
נ, , heb, transcription, נ</gap></p></div>, texts/xml/masa0401.xml
נ, , heb, transcription, נ, texts/xml/qumr0001.xml
נ, , heb, transcription, נ</unclear>, texts/xml/sepp0001.xml
נא, , heb, transcription, נא, texts/xml/jord0001.xml
נאהמנו, , heb, transcription, נאהמנ</unclear>ו, texts/xml/evro0014.xml
נבי, , heb, transcription, נבי, texts/xml/jord0001.xml
נביאים, , heb, transcription, נביאים, texts/xml/jord0001.xml
נביאין, , heb, transcription, נביאין, texts/xml/jord0001.xml
נהיה, , heb, transcription, נהיה</supplied>, texts/xml/masa0507.xml
נוח, , heb, transcription, </lb>נוח, texts/xml/jaff0052.xml
נחמיה, , heb, transcription, נחמיה, texts/xml/beth0237.xml
נטירא, , heb, transcription, נטירא&#44;</p></div>, texts/xml/akld0023.xml
ני, , heb, transcription, </gap></unclear></unclear>ני, texts/xml/jord0001.xml
ניח, , heb, transcription, ניח, texts/xml/mari0004.xml
ניחמיה, , heb, transcription, ניחמיה</p></div>, texts/xml/beth0271.xml
נער, , heb, transcription, </lb>נער, texts/xml/tdor0002.xml
נפש, , heb, transcription, נפש, texts/xml/jaff0052.xml
נפש, , heb, transcription, נפש, texts/xml/mari0004.xml
נצח, , heb, transcription, נצח</p></div>, texts/xml/masa0545.xml
נשבר, , heb, transcription, נשבר, texts/xml/jord0001.xml
נשיא, , heb, transcription, </lb>נשיא</ex></expan>, texts/xml/juda0001.xml
נתאל, , heb, transcription, נתאל, texts/xml/jeri0011.xml
נתמ, , heb, transcription, נתמ</unclear>, texts/xml/qumr0002.xml
נתנ, , heb, transcription, נת</unclear>נ, texts/xml/qumr0001.xml
ס, , heb, transcription, ס</supplied>, texts/xml/huqo0001.xml
ס, , heb, transcription, </lb></gap>ס, texts/xml/jeru0236.xml
ס, , heb, transcription, ס</unclear>, texts/xml/masa0549.xml
ס, , heb, transcription, ס, texts/xml/masa0590.xml
סבא, , heb, transcription, סבא, texts/xml/jeru0007.xml
סבא, , heb, transcription, סבא, texts/xml/jeru0236.xml
סגי, , heb, transcription, </gap>סגי, texts/xml/jeru0236.xml
סדריי, , heb, transcription, </lb></gap>סד</unclear>ריי, texts/xml/abil0001.xml
סוכיה, , heb, transcription, </lb>סוכיה, texts/xml/jeru0108.xml
סלה, , heb, transcription, סלה, texts/xml/tibe0003.xml
סמונ, , heb, transcription, </lb>סמונ, texts/xml/jeru0092.xml
סקים, , heb, transcription, סק</unclear>ים, texts/xml/qumr0001.xml
סתום, , heb, transcription, סתום, texts/xml/jord0001.xml
ע, , heb, transcription, </gap>ע, texts/xml/jord0001.xml
ע, , heb, transcription, ע, texts/xml/masa0696.xml
ע, , heb, transcription, ע</unclear>, texts/xml/qumr0001.xml
עב, , heb, transcription, </lb></gap>עב</gap></p></div>, texts/xml/masa0696.xml
עב, , heb, transcription, </gap>עב</unclear>, texts/xml/qumr0001.xml
עבד, , heb, transcription, עבד, texts/xml/dabb0001.xml
עבד, , heb, transcription, עבד, texts/xml/jord0001.xml
עבדי, , heb, transcription, עבדי, texts/xml/jord0001.xml
עבוד, , heb, transcription, עבוד, texts/xml/tibe0010.xml
עה, , heb, transcription, עה, texts/xml/jeru0194.xml
עה, , heb, transcription, עה, texts/xml/jeru0206.xml
עה, , heb, transcription, עה, texts/xml/jord0001.xml
עו, , heb, transcription, </lb>עו, texts/xml/jeru0190.xml
עובד, , heb, transcription, עובד, texts/xml/jeru0303.xml
עובד, , heb, transcription, </unclear></unclear></unclear>עובד, texts/xml/jord0001.xml
עוד, , heb, transcription, עוד, texts/xml/jord0001.xml
עוזרל, , heb, transcription, </lb>עוזר</unclear>ל, texts/xml/masa0595.xml
עומד, , heb, transcription, עומד, texts/xml/jord0001.xml
עושה, , heb, transcription, עושה, texts/xml/jord0001.xml
עזרה, , heb, transcription, עזרה, texts/xml/masa0394.xml
עיי, , heb, transcription, </lb></gap>עיי, texts/xml/mari0004.xml
על, , heb, transcription, </lb>על, texts/xml/beth0223.xml
על, , heb, transcription, </lb>על, texts/xml/beth0234.xml
על, , heb, transcription, על, texts/xml/jord0001.xml
עלוי, , heb, transcription, עלוי, texts/xml/beth0224.xml
עליך, , heb, transcription, עליך, texts/xml/jord0001.xml
עלירושלם, , heb, transcription, </unclear></unclear></unclear></unclear></unclear></unclear>עלירושלם, texts/xml/jord0001.xml
עלם, , heb, transcription, </unclear></unclear></unclear></unclear>עלם, texts/xml/jord0001.xml
עלמא, , heb, transcription, עלמא, texts/xml/jeru0236.xml
עם, , heb, transcription, עם, texts/xml/beth0237.xml
עם, , heb, transcription, </lb>עם, texts/xml/beth0243.xml
עמו, , heb, transcription, עמו, texts/xml/jord0001.xml
עמודיה, , heb, transcription, עמודיה, texts/xml/dabb0001.xml
עמי, , heb, transcription, עמי, texts/xml/jord0001.xml
עמידת, , heb, transcription, עמידת, texts/xml/beth0237.xml
עמך, , heb, transcription, עמך, texts/xml/jord0001.xml
ענלכן, , heb, transcription, </lb>ענלכן, texts/xml/huqo0001.xml
עקביא, , heb, transcription, עקביא, texts/xml/masa0461.xml
עקביה, , heb, transcription, </lb>עקביה, texts/xml/jeru0229.xml
עשירי, , heb, transcription, עשירי</p></div>, texts/xml/masa0588.xml
עשרה, , heb, transcription, </lb>עשרה, texts/xml/beth0248.xml
עשרין, , heb, transcription, עשרין, texts/xml/beth0237.xml
עתחן, , heb, transcription, </lb>עתחן, texts/xml/beth0282.xml
ף, , heb, transcription, </g>ף</g></g></g></g></g></g></g></g></num>, texts/xml/masa0605.xml
פ, , heb, transcription, פ</unclear>, texts/xml/jord0001.xml
פאריגרי, , heb, transcription, פאריגרי, texts/xml/beth0257.xml
פטי, , heb, transcription, פטי</p></div>, texts/xml/masa0388.xml
פטרין, , heb, transcription, פטרין, texts/xml/masa0413.xml
פינחס, , heb, transcription, </lb>פינחס, texts/xml/jeru0180.xml
פכ, , heb, transcription, </unclear>פכ, texts/xml/jord0001.xml
פסולא, , heb, transcription, פסולא</p></div>, texts/xml/masa0455.xml
פסולות, , heb, transcription, </lb>פסול</supplied>ות</p></div>, texts/xml/masa0454.xml
פרוטין, , heb, transcription, פרוטין</supplied>, texts/xml/masa0453a.xml
פש, , heb, transcription, פש, texts/xml/beth0271.xml
פתו, , heb, transcription, פ</unclear>תו</supplied>, texts/xml/mger0037.xml
צ, , heb, transcription, </unclear>צ, texts/xml/jord0001.xml
צ, , heb, transcription, </gap>צ</unclear>, texts/xml/qumr0001.xml
צבא, , heb, transcription, צבא, texts/xml/jord0001.xml
צבאות, , heb, transcription, צבאות, texts/xml/jord0001.xml
צבאת, , heb, transcription, צבאת, texts/xml/jord0001.xml
צדיק, , heb, transcription, צדיק, texts/xml/beth0248.xml
צדיקים, , heb, transcription, </lb>צדיקים, texts/xml/beth0247.xml
צהמא, , heb, transcription, </lb>צהמא, texts/xml/jeru0182.xml
ציפון, , heb, transcription, ציפון</p></div>, texts/xml/masa0436.xml
צל, , heb, transcription, </unclear>צל, texts/xml/jord0001.xml
צרים, , heb, transcription, צרים, texts/xml/jord0001.xml
ק, , heb, transcription, ק</supplied>, texts/xml/beth0251.xml
ק, , heb, transcription, </unclear></gap></unclear></unclear></unclear></unclear></unclear></gap></unclear></unclear></unclear>ק, texts/xml/jord0001.xml
ק, , heb, transcription, ק</p></div>, texts/xml/masa0459.xml
ק, , heb, transcription, </lb></gap>ק, texts/xml/qumr0002.xml
קבור, , heb, transcription, קבור, texts/xml/jeru0236.xml
קבורתה, , heb, transcription, קבורתה, texts/xml/beth0223.xml
קבר, , heb, transcription, קבר, texts/xml/jeru0180.xml
קבר, , heb, transcription, קבר, texts/xml/jeru0303.xml
קדדין, , heb, transcription, קדדין</p></div>, texts/xml/masa0551.xml
קדושה, , heb, transcription, קדושה, texts/xml/jord0001.xml
קדושי, , heb, transcription, קדושי, texts/xml/jord0001.xml
קדושים, , heb, transcription, קדושים, texts/xml/jord0001.xml
קדישה, , heb, transcription, קדישה, texts/xml/tibe0003.xml
קדש, , heb, transcription, קדש</supplied>, texts/xml/masa0453c.xml
קדש, , heb, transcription, ק</unclear>דש</supplied>, texts/xml/masa0453d.xml
קום, , heb, transcription, קום</unclear>, texts/xml/beth0261.xml
קומה, , heb, transcription, קומה</p></div>, texts/xml/neta0001.xml
קורים, , heb, transcription, קורים, texts/xml/mari0004.xml
קיטוט, , heb, transcription, קיטוט, texts/xml/jord0001.xml
קינא, , heb, transcription, קינא, texts/xml/jeru0236.xml
קיפא, , heb, transcription, קיפא, texts/xml/jent0006.xml
קירה, , heb, transcription, קירה, texts/xml/beth0241.xml
קירה, , heb, transcription, קירה, texts/xml/beth0246.xml
קירילא, , heb, transcription, קירילא, texts/xml/beth0240.xml
קלודי, , heb, transcription, </lb>קלודי, texts/xml/evro0014.xml
קלודיוס, , heb, transcription, </lb>קלודיוס</ex></choice>, texts/xml/evro0014.xml
קפא, , heb, transcription, קפא, texts/xml/jent0006.xml
קצבא, , heb, transcription, </lb>קצבא, texts/xml/masa0038.xml
קצבא, , heb, transcription, קצבא</p></div>, texts/xml/masa0512.xml
ר, , heb, transcription, </lb></gap>ר</unclear>, texts/xml/beth0263.xml
ר, , heb, transcription, ר</supplied>, texts/xml/dabb0001.xml
ר, , heb, transcription, ר, texts/xml/dabb0002.xml
ר, , heb, transcription, ר, texts/xml/elji0002.xml
ר, , heb, transcription, ר, texts/xml/jord0001.xml
ר, , heb, transcription, ר</unclear>, texts/xml/masa0401.xml
ר, , heb, transcription, ר, texts/xml/masa0597.xml
ר, , heb, transcription, ר, texts/xml/masa0598.xml
ר, , heb, transcription, ר, texts/xml/masa0599.xml
ר, , heb, transcription, ר, texts/xml/masa0600.xml
ר, , heb, transcription, ר, texts/xml/masa0601.xml
ר, , heb, transcription, ר, texts/xml/masa0602.xml
ר, , heb, transcription, ר, texts/xml/sepp0004.xml
ר, , heb, transcription, </gap>ר</supplied>, texts/xml/sepp0006.xml
ר, , heb, transcription, </gap>ר, texts/xml/tibe0010.xml
רא, , heb, transcription, </unclear>רא, texts/xml/jord0001.xml
ראו, , heb, transcription, ראו, texts/xml/jord0001.xml
ראובן, , heb, transcription, ראובן</p></div>, texts/xml/haif0010.xml
רבא, , heb, transcription, רבא</p></div>, texts/xml/masa0391.xml
רבא, , heb, transcription, רבא, texts/xml/masa0461.xml
רבי, , heb, transcription, רבי, texts/xml/beth0230.xml
רבי, , heb, transcription, רבי, texts/xml/beth0237.xml
רבי, , heb, transcription, רבי, texts/xml/beth0238.xml
רבי, , heb, transcription, רבי, texts/xml/beth0239.xml
רבי, , heb, transcription, רבי, texts/xml/beth0244.xml
רבי, , heb, transcription, רבי, texts/xml/beth0246.xml
רבי, , heb, transcription, רבי, texts/xml/beth0247.xml
רבי, , heb, transcription, רבי, texts/xml/beth0248.xml
רבי, , heb, transcription, רבי, texts/xml/beth0255.xml
רבי, , heb, transcription, רבי, texts/xml/jaff0057.xml
רבים, , heb, transcription, רבים, texts/xml/jord0001.xml
רדנת, , heb, transcription, </lb>רדנת, texts/xml/jeru0182.xml
רוח, , heb, transcription, רוח, texts/xml/jord0001.xml
רועין, , heb, transcription, רועין, texts/xml/jord0001.xml
רור, , heb, transcription, </choice>רור</p></div>, texts/xml/masa0549.xml
רות, , heb, transcription, רות, texts/xml/beth0262.xml
רחמיא, , heb, transcription, רחמיא, texts/xml/jeru0236.xml
רילס, , heb, transcription, רילס, texts/xml/beth0251.xml
רים, , heb, transcription, רים, texts/xml/jord0001.xml
ש, , heb, transcription, ש, texts/xml/beth0239.xml
ש, , heb, transcription, </lb>ש</unclear>, texts/xml/beth0241.xml
ש, , heb, transcription, </lb>ש, texts/xml/beth0254.xml
ש, , heb, transcription, ש</unclear>, texts/xml/beth0266.xml
ש, , heb, transcription, </lb>ש, texts/xml/beth0275.xml
ש, , heb, transcription, ש</unclear>, texts/xml/beth0276.xml
ש, , heb, transcription, </lb>ש</supplied>, texts/xml/huqo0001.xml
ש, , heb, transcription, ש, texts/xml/jord0001.xml
ש, , heb, transcription, </lb>ש</unclear>, texts/xml/masa0416.xml
ש, , heb, transcription, ש</unclear>, texts/xml/qumr0002.xml
שאביה, , heb, transcription, שאביה, texts/xml/sepp0004.xml
שאול, , heb, transcription, </lb>שאול, texts/xml/masa0038.xml
שאול, , heb, transcription, שאול</p></div>, texts/xml/masa0410.xml
שאול, , heb, transcription, שאול</p></div>, texts/xml/masa0509.xml
שאול, , heb, transcription, </lb>שאול, texts/xml/shap0004.xml
שאל, , heb, transcription, שאל, texts/xml/masa0038.xml
שאל, , heb, transcription, שאל, texts/xml/masa0508.xml
שאלני, , heb, transcription, שאלני, texts/xml/jord0001.xml
שאלת, , heb, transcription, שאלת, texts/xml/jord0001.xml
שאמ, , heb, transcription, שאמ, texts/xml/jord0001.xml
שב, , heb, transcription, שב</supplied>, texts/xml/jord0001.xml
שבי, , heb, transcription, שב</unclear>י</p></div>, texts/xml/anna0003.xml
שבי, , heb, transcription, שבי, texts/xml/anna0004.xml
שבע, , heb, transcription, שבע, texts/xml/beth0248.xml
שבע, , heb, transcription, שבע, texts/xml/jord0001.xml
שבר, , heb, transcription, שבר, texts/xml/haif0010.xml
שברת, , heb, transcription, שברת&#44;, texts/xml/jeru0098.xml
שבתי, , heb, transcription, שבתי</p>, texts/xml/akld0021.xml
שג, , heb, transcription, </gap></unclear></unclear></gap></unclear></gap>שג, texts/xml/jord0001.xml
שהוא, , heb, transcription, שהוא, texts/xml/jord0001.xml
שהלרבי, , heb, transcription, </lb>שהלרבי, texts/xml/dabb0006.xml
שהן, , heb, transcription, שהן, texts/xml/huqo0001.xml
שוא, , heb, transcription, שוא, texts/xml/jeru0236.xml
שוי, , heb, transcription, </lb>שוי, texts/xml/beth0227.xml
שור, , heb, transcription, </lb>שור, texts/xml/tibe0001.xml
שושן, , heb, transcription, </lb>שושן, texts/xml/evro0014.xml
שים, , heb, transcription, </gap></unclear>שים, texts/xml/jord0001.xml
שירם, , heb, transcription, שירם, texts/xml/jord0001.xml
של, , heb, transcription, </lb>של, texts/xml/beth0227.xml
של, , heb, transcription, </lb>של, texts/xml/beth0228.xml
של, , heb, transcription, של, texts/xml/beth0237.xml
של, , heb, transcription, </lb>של, texts/xml/beth0239.xml
של, , heb, transcription, של, texts/xml/beth0244.xml
של, , heb, transcription, של, texts/xml/beth0246.xml
של, , heb, transcription, של, texts/xml/beth0247.xml
של, , heb, transcription, </lb>של, texts/xml/beth0248.xml
של, , heb, transcription, </lb>של, texts/xml/beth0255.xml
של, , heb, transcription, </lb>של, texts/xml/beth0261.xml
של, , heb, transcription, </lb>ש</unclear>ל, texts/xml/jaff0054.xml
של, , heb, transcription, </lb>של, texts/xml/jeru0148.xml
של, , heb, transcription, של, texts/xml/jeru0303.xml
של, , heb, transcription, </gap></unclear></unclear></gap>של, texts/xml/jord0001.xml
שלהן, , heb, transcription, שלהן, texts/xml/jord0001.xml
שלום, , heb, transcription, </lb>שלום</p></div>, texts/xml/abil0001.xml
שלום, , heb, transcription, </lb>שלום</p></div>, texts/xml/beth0241.xml
שלום, , heb, transcription, שלום, texts/xml/beth0246.xml
שלום, , heb, transcription, שלום, texts/xml/beth0255.xml
שלום, , heb, transcription, שלום, texts/xml/beth0268.xml
שלום, , heb, transcription, שלום, texts/xml/beth0269.xml
שלום, , heb, transcription, שלום, texts/xml/beth0270.xml
שלום, , heb, transcription, שלום, texts/xml/beth0274.xml
שלום, , heb, transcription, </lb>שלום</foreign>, texts/xml/jaff0040.xml
שלום, , heb, transcription, </lb>שלום, texts/xml/jaff0054.xml
שלום, , heb, transcription, </lb>של</supplied>ו</unclear>ם</p></div>, texts/xml/jaff0057.xml
שלום, , heb, transcription, שלום</p></div>, texts/xml/jent0005.xml
שלום, , heb, transcription, שלום, texts/xml/jeru0017.xml
שלום, , heb, transcription, </lb>שלום, texts/xml/jeru0094.xml
שלום, , heb, transcription, שלום, texts/xml/jeru0098.xml
שלום, , heb, transcription, </lb>שלום, texts/xml/jeru0183.xml
שלום, , heb, transcription, שלום, texts/xml/jord0001.xml
שלום, , heb, transcription, </lb>שלום, texts/xml/mari0004.xml
שלוםל, , heb, transcription, שלוםל</supplied>, texts/xml/beth0236.xml
שלוםלית, , heb, transcription, שלוםלית</supplied>, texts/xml/masa0404.xml
שלומ, , heb, transcription, </lb>שלומ, texts/xml/akld0024.xml
שלוש, , heb, transcription, שלוש, texts/xml/jord0001.xml
שלושה, , heb, transcription, שלושה, texts/xml/jord0001.xml
שלחתי, , heb, transcription, שלחתי, texts/xml/jord0001.xml
שלם, , heb, transcription, שלם, texts/xml/jeru0236.xml
שלמצין, , heb, transcription, שלמצין, texts/xml/jeri0011.xml
שלמצין, , heb, transcription, </lb>שלמצין, texts/xml/jeru0043.xml
שלמצין, , heb, transcription, </lb>שלמצין, texts/xml/jeru0127.xml
שלמשן, , heb, transcription, שלמשן, texts/xml/jeri0011.xml
שלקחתי, , heb, transcription, שלקחתי, texts/xml/jord0001.xml
שלרב, , heb, transcription, שלרב, texts/xml/jaff0052.xml
שלשת, , heb, transcription, </gap>שלשת, texts/xml/jord0001.xml
שמ, , heb, transcription, שמ</p></div>, texts/xml/jent0004.xml
שמ, , heb, transcription, </lb>שמ, texts/xml/jeru0190.xml
שמו, , heb, transcription, </lb>ש</supplied>מו, texts/xml/unkn0103.xml
שמי, , heb, transcription, שמי, texts/xml/jeru0231.xml
שמן, , heb, transcription, שמן, texts/xml/jaff0052.xml
שמן, , heb, transcription, שמן, texts/xml/jaff0057.xml
שמעון, , heb, transcription, </lb>שמעון, texts/xml/beth0224.xml
שמעון, , heb, transcription, </lb>שמעון, texts/xml/beth0230.xml
שמעון, , heb, transcription, שמעון</p></div>, texts/xml/erra0001.xml
שמעון, , heb, transcription, </lb>שמעון, texts/xml/jeru0007.xml
שמעון, , heb, transcription, שמעון, texts/xml/jeru0010.xml
שמעון, , heb, transcription, </lb>שמעון, texts/xml/jeru0018.xml
שמעון, , heb, transcription, שמעון, texts/xml/jeru0162.xml
שמעון, , heb, transcription, שמעון, texts/xml/jeru0303.xml
שמעון, , heb, transcription, שמעון, texts/xml/juda0001.xml
שמעון, , heb, transcription, </lb>שמעון</supplied>, texts/xml/masa0039.xml
שמעון, , heb, transcription, שמעון, texts/xml/masa0360.xml
שמעון, , heb, transcription, שמעון, texts/xml/masa0416.xml
שמעון, , heb, transcription, ש</supplied>מעון, texts/xml/masa0463.xml
שמעון, , heb, transcription, שמעון, texts/xml/masa0465.xml
שמעון, , heb, transcription, שמעון</p></div>, texts/xml/masa0466.xml
שמעון, , heb, transcription, שמעון</supplied>, texts/xml/masa0478.xml
שמעון, , heb, transcription, שמעון</p></div>, texts/xml/masa0479.xml
שמעון, , heb, transcription, </lb>שמעון</supplied>, texts/xml/masa0514.xml
שמעון, , heb, transcription, שמעון, texts/xml/shap0002.xml
שמעון, , heb, transcription, שמעון, texts/xml/shap0003.xml
שמעוןר, , heb, transcription, שמעוןר</supplied>, texts/xml/masa0464.xml
שמעין, , heb, transcription, שמעין</p></div>, texts/xml/masa0462.xml
שמען, , heb, transcription, שמען, texts/xml/masa0039.xml
שמען, , heb, transcription, שמען, texts/xml/masa0514.xml
שמר, , heb, transcription, </gap>שמר, texts/xml/jord0001.xml
שמתה, , heb, transcription, שמתה, texts/xml/beth0237.xml
שנה, , heb, transcription, </lb>שנה, texts/xml/beth0237.xml
שנה, , heb, transcription, שנה, texts/xml/beth0248.xml
שנים, , heb, transcription, </lb>שנים, texts/xml/beth0237.xml
שנים, , heb, transcription, ש</unclear>נים</gap></p></div>, texts/xml/masa0587.xml
שנין, , heb, transcription, שנין, texts/xml/jord0001.xml
שסמן, , heb, transcription, </unclear></unclear></unclear></unclear></unclear></gap>שסמן, texts/xml/jord0001.xml
שער, , heb, transcription, שער, texts/xml/jord0001.xml
שפירה, , heb, transcription, </lb>שפירה, texts/xml/unkn0101.xml
שצעון, , heb, transcription, שצעון</supplied>, texts/xml/masa0467.xml
שק, , heb, transcription, </unclear>שק, texts/xml/jord0001.xml
שר, , heb, transcription, שר, texts/xml/jord0001.xml
שראה, , heb, transcription, </unclear>שראה, texts/xml/jord0001.xml
שראיתי, , heb, transcription, שראיתי, texts/xml/jord0001.xml
ששה, , heb, transcription, ששה, texts/xml/jord0001.xml
שת, , heb, transcription, </lb></unclear></unclear></unclear></unclear></unclear></unclear>שת</unclear>, texts/xml/beth0267.xml
שתי, , heb, transcription, שתי, texts/xml/beth0243.xml
שתים, , heb, transcription, שתים, texts/xml/qumr0001.xml
שתין, , heb, transcription, שתין, texts/xml/jord0001.xml
ת, , heb, transcription, </lb>ת, texts/xml/beth0254.xml
ת, , heb, transcription, ת</supplied>, texts/xml/jeru0183.xml
ת, , heb, transcription, ת</supplied>, texts/xml/jord0001.xml
ת, , heb, transcription, </choice>ת, texts/xml/masa0401.xml
ת, , heb, transcription, ת</p></div>, texts/xml/masa0442.xml
ת, , heb, transcription, </gap>ת, texts/xml/masa0449.xml
ת, , heb, transcription, </lb></gap>ת, texts/xml/qumr0002.xml
תאבא, , heb, transcription, </lb>תאבא</p></div>, texts/xml/masa0038.xml
תאבא, , heb, transcription, תאבא</p></div>, texts/xml/masa0513.xml
תאומ, , heb, transcription, </lb>תאומ, texts/xml/tibe0001.xml
תדי, , heb, transcription, תדי, texts/xml/sepp0004.xml
תדע, , heb, transcription, תדע, texts/xml/jord0001.xml
תהי, , heb, transcription, </lb>תהי, texts/xml/dabb0004.xml
תהי, , heb, transcription, </lb>תהי, texts/xml/tibe0003.xml
תורה, , heb, transcription, תורה, texts/xml/jord0001.xml
תחמגזר, , heb, transcription, </foreign>תחמגזר</p></div>, texts/xml/geze0001.xml
תחמגזר, , heb, transcription, תחמגזר</p></div>, texts/xml/geze0002.xml
תחמגזר, , heb, transcription, תחמגזר</p></div>, texts/xml/geze0003.xml
תחמגזר, , heb, transcription, תחמגזר</p></div>, texts/xml/geze0004.xml
תחמגזר, , heb, transcription, תחמגזר</p></div>, texts/xml/geze0005.xml
תחמגזר, , heb, transcription, תחמגזר</p></div>, texts/xml/geze0006.xml
תחמגזר, , heb, transcription, תחמגזר</p></div>, texts/xml/geze0007.xml
תחמגזר, , heb, transcription, ת]חמ[גזר</p></div>, texts/xml/geze0008.xml
תים, , heb, transcription, </unclear></unclear></unclear></unclear></unclear></unclear></unclear></unclear>תים, texts/xml/jord0001.xml
תמוש, , heb, transcription, תמוש, texts/xml/ahma0001.xml
תן, , heb, transcription, </unclear></unclear>תן, texts/xml/jord0001.xml
תנחו, , heb, transcription, </lb>תנחו</supplied>, texts/xml/sepp0002.xml
תנחום, , heb, transcription, </lb>תנחום, texts/xml/sepp0005.xml
תעמדו, , heb, transcription, תעמדו, texts/xml/jord0001.xml
תפלה, , heb, transcription, תפלה, texts/xml/anna0002.xml
תפלוס, , heb, transcription, תפלוס, texts/xml/jeru0234.xml
תפלוס, , heb, transcription, ת</unclear>פלוס, texts/xml/jeru0305.xml
תץ, , heb, transcription, </unclear></unclear></unclear></unclear>תץ, texts/xml/jord0001.xml
תצילם, , heb, transcription, תצילם, texts/xml/jord0001.xml
תקופת, , heb, transcription, תקופת, texts/xml/tibe0002.xml
תקופת, , heb, transcription, תקופת, texts/xml/tibe0007.xml
תקופת, , heb, transcription, תקופת, texts/xml/tibe0008.xml
תקופת, , heb, transcription, תקופת, texts/xml/tibe0009.xml
תרעה, , heb, transcription, תרעה, texts/xml/abil0001.xml
תשע, , heb, transcription, תשע, texts/xml/beth0237.xml
ἀδαλφοὺ, , heb, transcription, </lb>ἀδαλφοὺ, texts/xml/jeru0172.xml
ἀντισκινήσ, , heb, transcription, ἀντισκινήσ</abbr>, texts/xml/jeru0171.xml
ἀντισχινήσας, , heb, transcription, ἀντισχινήσας</ex></choice>, texts/xml/jeru0171.xml
Ἀλεξάν, , heb, transcription, </lb>Ἀλεξάν, texts/xml/jeru0088.xml
Ἀλεξάνδ, , heb, transcription, </lb>Ἀλεξάνδ, texts/xml/jeru0088.xml
Ἐλεάζαρος, , heb, transcription, </lb>Ἐλεάζαρος, texts/xml/jeri0016.xml
Ἑλκίας, , heb, transcription, </lb>Ἑλκίας?</supplied>, texts/xml/mari0005.xml
Ἔζρας, , heb, transcription, </lb>Ἔζρας</foreign></p></div>, texts/xml/jeru0056.xml
Ἡλι, , heb, transcription, Ἡλι, texts/xml/mari0005.xml
Ἰαιερε, , heb, transcription, Ἰαιερε, texts/xml/jeru0172.xml
Ἰωναθα, , heb, transcription, Ἰωνα</lb></space>θα</foreign></p></div>, texts/xml/jaff0052.xml
ὑ, , heb, transcription, ὑ, texts/xml/jeru0171.xml
ὑοὺ, , heb, transcription, ὑοὺ, texts/xml/jeru0172.xml
Ὑπὲρ, , heb, transcription, </lb>Ὑπὲρ, texts/xml/mari0005.xml
ὲυμύρου, , heb, transcription, </lb>ὲυμύρου</p></div>, texts/xml/jaff0040.xml
Ῥαβὶ, , heb, transcription, Ῥαβὶ</foreign>, texts/xml/jaff0052.xml
