A, ab, la, transcription, A</unclear>, texts/xml/caes0008.xml
A, ab, la, transcription, A</unclear>, texts/xml/masa0827.xml
ACER, acer, la, transcription, </gap>ACER</unclear>, texts/xml/caes0008.xml
AM, AM, la, transcription, </gap>AM</unclear>, texts/xml/masa0915.xml
Acilius, Acilius, la, transcription, </lb>Acilius, texts/xml/caes0016.xml
Aelio, Aelio, la, transcription, </lb>Aelio, texts/xml/caes0353.xml
Aelion, Aelion, la, transcription, Aelion</unclear>, texts/xml/caes0011.xml
Africano, Africano, la, transcription, </lb>Africano, texts/xml/caes0107.xml
Africanus, Africanus, la, transcription, Africanus, texts/xml/caes0009.xml
Agrippae, Agrippae, la, transcription, Agrippae, texts/xml/caes0032.xml
Agrippam, Agrippam, la, transcription, Agrippam, texts/xml/caes0003.xml
Agustus, Agustus, la, transcription, Agustus, texts/xml/yotv0001.xml
Amphorae, amphora, la, transcription, </lb>A</abbr>mphorae</ex></expan>, texts/xml/masa0826.xml
Antoninianae, Antoninianae, la, transcription, Antoninianae, texts/xml/caes0004.xml
Antoninianae, Antoninianae, la, transcription, </lb>Antoninianae</supplied>, texts/xml/caes0018.xml
Antonio, Antonio, la, transcription, Antonio, texts/xml/caes0107.xml
Aphrodilus, Aphrodilus, la, transcription, Aphrodilus, texts/xml/caes0164.xml
Arabos, Arabos, la, transcription, Arabos, texts/xml/caes0004.xml
Arbaeus, Arbaeus, la, transcription, </lb>Arbaeus, texts/xml/caes0009.xml
Asianae, Asianae, la, transcription, Asianae, texts/xml/caes0004.xml
Au, au, la, transcription, </gap></g>Au</unclear>, texts/xml/masa0853.xml
Aufidius, Aufidius, la, transcription, </lb>Aufid</abbr>ius</ex></expan>, texts/xml/caes0014.xml
Aufidius, Aufidius, la, transcription, </lb>Aufid</abbr>ius</ex></expan>, texts/xml/caes0017.xml
Aug, Aug, la, transcription, Au</hi>g</abbr>, texts/xml/caes0006.xml
Aug, Aug, la, transcription, Au</hi>g</abbr>, texts/xml/caes0016.xml
Aug, Aug, la, transcription, Aug</supplied>, texts/xml/caes0018.xml
Aug, Aug, la, transcription, A</supplied>ug</abbr>, texts/xml/caes0049.xml
Aug, Aug, la, transcription, </choice>Au</hi>g</abbr>, texts/xml/caes0054.xml
Aug, Aug, la, transcription, </lb>Aug</abbr>, texts/xml/caes0106.xml
Augustae, augustus, la, transcription, Aug</abbr>ustae</ex></expan>, texts/xml/caes0003.xml
Augustae, augustus, la, transcription, Aug</abbr>ustae</ex></expan>, texts/xml/caes0044.xml
Augusti, augustus, la, transcription, Aug</abbr>usti</ex></expan>, texts/xml/caes0002.xml
Augusti, augustus, la, transcription, Aug</abbr>usti</ex></expan>&#44;, texts/xml/caes0007.xml
Augusti, augustus, la, transcription, Aug</supplied></del></abbr>usti</ex></expan>, texts/xml/caes0008.xml
Augusti, augustus, la, transcription, Aug</abbr>usti</ex></expan>, texts/xml/caes0011.xml
Augusti, augustus, la, transcription, Aug</abbr>usti</ex></expan>, texts/xml/caes0015.xml
Augusti, augustus, la, transcription, Augusti</expan>, texts/xml/caes0018.xml
Augusti, augustus, la, transcription, Aug</abbr>usti</ex></expan>, texts/xml/caes0020.xml
Augusti, augustus, la, transcription, </choice>Aug</abbr>usti</ex></expan>, texts/xml/caes0022.xml
Augusti, augustus, la, transcription, Aug</abbr>usti</ex></expan>, texts/xml/caes0031.xml
Augusti, augustus, la, transcription, Aug</abbr>usti</ex></expan>, texts/xml/caes0034.xml
Augusti, augustus, la, transcription, Aug</abbr>usti</ex></expan>, texts/xml/caes0035.xml
Augusti, augustus, la, transcription, </lb>Aug</abbr>usti</ex></expan>, texts/xml/caes0106.xml
Augusti, augustus, la, transcription, Aug</abbr>usti</ex></expan>, texts/xml/caes0107.xml
Augusto, augustus, la, transcription, Aug</abbr>usto</ex></expan>, texts/xml/bshe0006.xml
Augusto, augustus, la, transcription, Augusto</expan>, texts/xml/caes0006.xml
Augusto, augustus, la, transcription, Au</hi>g</abbr>usto</ex></expan>&#44;, texts/xml/caes0009.xml
Augusto, augustus, la, transcription, Au</unclear>g</abbr>usto</ex></expan>, texts/xml/caes0013.xml
Augusto, augustus, la, transcription, Augusto</expan>, texts/xml/caes0016.xml
Augusto, augustus, la, transcription, Au</hi>g</abbr>usto</ex></expan>, texts/xml/caes0045.xml
Augusto, augustus, la, transcription, </lb>Aug</abbr>usto</ex></expan>, texts/xml/caes0047.xml
Augusto, augustus, la, transcription, Augusto</expan>, texts/xml/caes0049.xml
Augusto, augustus, la, transcription, Aug</abbr>usto</ex></expan>, texts/xml/caes0053.xml
Augusto, augustus, la, transcription, Aug</abbr>usto</ex></expan>, texts/xml/caes0107.xml
Augusto, augustus, la, transcription, Augusto</supplied>, texts/xml/caes0354.xml
Augustus, augustus, la, transcription, </lb>Aug</abbr>ustus</ex></expan>, texts/xml/caes0051.xml
Augustus, augustus, la, transcription, </lb>Aug</abbr>ustus</ex></expan>, texts/xml/caes0052.xml
Augustus, augustus, la, transcription, </choice>Augustus</expan>, texts/xml/caes0054.xml
Augustus, augustus, la, transcription, Augustus</ex></expan>, texts/xml/yotv0001.xml
Aurelio, Aurelio, la, transcription, Aur</abbr>elio</ex></expan>, texts/xml/caes0009.xml
Aurelio, Aurelio, la, transcription, </lb>Aur</abbr>elio</ex></expan>, texts/xml/caes0010.xml
Aurelio, Aurelio, la, transcription, Aur</abbr>elio</ex></expan>, texts/xml/caes0016.xml
Aurelius, Aurelius, la, transcription, </lb>Aur</abbr>elius</ex></expan>, texts/xml/caes0007.xml
Aurunculeius, Aurunculeius, la, transcription, Aurunculeius, texts/xml/caes0002.xml
BAL·P·R·AU·, BAL·P·R·AU·, la, transcription, B</unclear>AL·P·R·AU</hi>·, texts/xml/masa0828.xml
BONA, bonus, la, transcription, </lb>BONA</p></div>, texts/xml/fiqg0002.xml
Boethi, boethus, la, transcription, Boethi, texts/xml/caes0030.xml
C, C, la, transcription, C</unclear>, texts/xml/caes0018.xml
C, C, la, transcription, </lb></gap>C</unclear>, texts/xml/caes0031.xml
C, C, la, transcription, </lb>C, texts/xml/masa0844.xml
CAI, CAI, la, transcription, C</unclear>AI</gap></gap></p></div>, texts/xml/masa0943.xml
CAST, CAST, la, transcription, </gap>C</unclear>AST</p></div>, texts/xml/masa0843.xml
CB·CO, CB·CO, la, transcription, CB·C</unclear>O</gap>, texts/xml/masa0836.xml
CID, CID, la, transcription, </lb>CID</p></div>, texts/xml/masa0838.xml
CM, CM, la, transcription, </gap></gap>C</unclear>M</gap></gap></p></div>, texts/xml/masa0837.xml
COE, COE, la, transcription, </gap></gap>C</unclear>OE</unclear>, texts/xml/masa0828.xml
COL, COL, la, transcription, COL</p></div>, texts/xml/masa0852.xml
CX, CX, la, transcription, </gap></gap>CX</p></div>, texts/xml/masa0848.xml
CXII, CXII, la, transcription, </gap>CXII</p></div>, texts/xml/masa0847.xml
Caes, Caes, la, transcription, Cae</supplied>s</abbr>, texts/xml/caes0006.xml
Caesar, Caesar, la, transcription, Caesar, texts/xml/caes0051.xml
Caesar, Caesar, la, transcription, Caes</abbr>ar</ex></expan>, texts/xml/caes0052.xml
Caesar, Caesar, la, transcription, Caes</abbr>ar</ex></expan>, texts/xml/caes0054.xml
Caesar, Caesar, la, transcription, Caesar</unclear>, texts/xml/caes0352.xml
Caesare, Caesare, la, transcription, </lb>Caes</abbr>are</ex></expan>, texts/xml/caes0047.xml
Caesare, Caesare, la, transcription, Cae</abbr>sare</ex></expan>, texts/xml/caes0049.xml
Caesare, Caesare, la, transcription, Cae</abbr>sare</ex></expan>, texts/xml/masa0799.xml
Caesareae, Caesareae, la, transcription, Caesareae, texts/xml/caes0003.xml
Caesareae, Caesareae, la, transcription, Caesareae, texts/xml/caes0044.xml
Caesares, Caesares, la, transcription, Caesare</supplied>s, texts/xml/yotv0001.xml
Caesari, Caesari, la, transcription, Ca</supplied>es</abbr>ari</ex></expan>, texts/xml/bshe0006.xml
Caesari, Caesari, la, transcription, Caesari</expan>, texts/xml/caes0006.xml
Caesari, Caesari, la, transcription, Caes</abbr>ari</ex></expan>&#44;, texts/xml/caes0014.xml
Caesari, Caesari, la, transcription, </lb>Caes</abbr>ari</ex></expan>, texts/xml/caes0016.xml
Caesari, Caesari, la, transcription, Caes</abbr>ari</ex></expan>&#44;, texts/xml/caes0017.xml
Caesari, Caesari, la, transcription, Caes</abbr>ari</ex></expan>, texts/xml/caes0106.xml
Caesari, Caesari, la, transcription, Caes</abbr>ari</ex></expan>, texts/xml/caes0107.xml
Caio, caio, la, transcription, </choice>C</abbr>aio</ex></expan>, texts/xml/caes0006.xml
Caio, caio, la, transcription, C</abbr>aio</ex></expan>, texts/xml/caes0007.xml
Caio, caio, la, transcription, Caio</expan>, texts/xml/caes0018.xml
Caio, caio, la, transcription, C</abbr>aio</ex></expan>, texts/xml/caes0106.xml
Caius, Caius, la, transcription, </lb>C</abbr>aius</ex></expan>, texts/xml/caes0002.xml
Callisto, Callisto, la, transcription, </space>Callisto, texts/xml/caes0002.xml
Calpurniano, Calpurniano, la, transcription, Calpurniano, texts/xml/caes0010.xml
Camilia, Camilia, la, transcription, </lb>Camilia</gap>, texts/xml/emma0001.xml
Campagonum, Campagonum, la, transcription, </lb>Campagonum, texts/xml/caes0004.xml
Campestris, campestre, la, transcription, C</supplied>ampestris</supplied>, texts/xml/masa0830.xml
Cdo, Cdo, la, transcription, C</gap>do, texts/xml/caes0062.xml
Cir, Cir, la, transcription, Cir</gap></gap>, texts/xml/masa0834.xml
Claudio, Claudio, la, transcription, Cl</abbr>audio</ex></expan>, texts/xml/caes0021.xml
Claudio, Claudio, la, transcription, Cl</abbr>audio</ex></expan>, texts/xml/caes0145.xml
Claudius, claudus, la, transcription, Cl</abbr>audius</ex></expan>, texts/xml/caes0146.xml
Clemes, Clemes, la, transcription, </lb></gap></unclear>Clemes, texts/xml/caes0006.xml
Cleobulus, Cleobulus, la, transcription, Cleobulus, texts/xml/caes0016.xml
Cleopatra, Cleopatra, la, transcription, </lb></space></gap>Cleo?</supplied>patra, texts/xml/caes0044.xml
Coloniae, colonia, la, transcription, Coloniae?</supplied>, texts/xml/caes0044.xml
Constantio, Constantio, la, transcription, Constantio, texts/xml/caes0017.xml
Constantius, consto, la, transcription, </lb>Constantius, texts/xml/yotv0001.xml
Cop, Cop, la, transcription, Cop</abbr>, texts/xml/masa0825.xml
Cornelii, Cornelii, la, transcription, Corneli</abbr>i</ex></expan>, texts/xml/caes0015.xml
Cornelius, Cornelius, la, transcription, </lb>Cornelius, texts/xml/caes0015.xml
Cumana, Cumana, la, transcription, </lb>Cum</abbr>ana</ex></expan>, texts/xml/masa0825.xml
Cypri, cyprus, la, transcription, Cypri, texts/xml/caes0004.xml
Cyrenaicae, Cyrenaicae, la, transcription, Cyr</abbr>enaicae</ex></expan>, texts/xml/caes0035.xml
C·AN, C·AN, la, transcription, C</unclear>·AN, texts/xml/masa0835.xml
D, D, la, transcription, </lb>D</unclear>, texts/xml/caes0046.xml
Dacia, Dacia, la, transcription, Dacia, texts/xml/caes0004.xml
Damas, Damas, la, transcription, Damas, texts/xml/caes0146.xml
Decimi, decimus, la, transcription, D</abbr>ecimi</ex></expan>, texts/xml/caes0015.xml
Decimo, decimus, la, transcription, D</abbr>ecimo</ex></expan>, texts/xml/caes0015.xml
Diocletiano, Diocletiano, la, transcription, </lb>Dio</supplied>cletiano, texts/xml/caes0006.xml
Diocletianus, Diocletianus, la, transcription, </lb>Diocletianus, texts/xml/yotv0001.xml
Dis, dives, la, transcription, D</abbr>is</ex></expan>, texts/xml/caes0146.xml
Dis, dives, la, transcription, D</abbr>is</ex></expan>, texts/xml/caes0160.xml
Domine, dominus, la, transcription, Domine</p></div>, texts/xml/jeru0306.xml
E, ex, la, transcription, </gap>E</unclear>, texts/xml/caes0008.xml
E, ex, la, transcription, E</unclear>, texts/xml/caes0021.xml
E, ex, la, transcription, E</unclear>, texts/xml/masa0827.xml
E, ex, la, transcription, E</unclear>, texts/xml/masa0841.xml
E, ex, la, transcription, E</unclear>, texts/xml/masa0918.xml
EG, EG, la, transcription, E</unclear>G, texts/xml/masa0937.xml
Eudemi, Eudemi, la, transcription, </lb>E</supplied>ude</abbr>mi</ex></expan>, texts/xml/masa0949.xml
Eudemi, Eudemi, la, transcription, </lb>Eude</abbr>mi</ex></expan>, texts/xml/masa0950.xml
FR, FR, la, transcription, </hi></abbr></space>FR</unclear>, texts/xml/masa0853.xml
Felici, felix, la, transcription, F</abbr>elici</ex></expan>, texts/xml/bshe0006.xml
Felicissimo, felix, la, transcription, Felicissimo, texts/xml/caes0009.xml
Fer, fero, la, transcription, Fer-, texts/xml/bshe0006.xml
Fer, fero, la, transcription, Fer</unclear>, texts/xml/caes0054.xml
Ferratae, ferratus, la, transcription, Ferr</abbr>atae</ex></expan>, texts/xml/caes0004.xml
Ferratae, ferratus, la, transcription, Ferr</abbr>atae</ex></expan>., texts/xml/caes0049.xml
Ferratae, ferratus, la, transcription, Ferratae</expan>, texts/xml/caes0054.xml
Ferratae, ferratus, la, transcription, Ferr</abbr>atae</ex></expan>, texts/xml/caes0146.xml
Flavia, Flavia, la, transcription, Flavia, texts/xml/caes0024.xml
Flaviae, Flaviae, la, transcription, Fl</abbr>aviae</ex></expan>, texts/xml/caes0003.xml
Flaviae, Flaviae, la, transcription, Fl</abbr>aviae</ex></expan>, texts/xml/caes0044.xml
Flavianus, Flavianus, la, transcription, Flavian</abbr>us</ex></expan>, texts/xml/caes0031.xml
Flavii, Flavii, la, transcription, Fl</abbr>avii</ex></expan>, texts/xml/caes0030.xml
Flavii, Flavii, la, transcription, </lb>F</unclear>l</abbr>avii</ex></expan>, texts/xml/caes0146.xml
Flavio, Flavio, la, transcription, Flavio, texts/xml/caes0002.xml
Flavio, Flavio, la, transcription, Fl</abbr>avio</ex></expan>, texts/xml/caes0010.xml
Flavio, Flavio, la, transcription, </lb>Fl</abbr>avio</ex></expan>, texts/xml/caes0017.xml
Flavium, Flavium, la, transcription, Fl</abbr>avium</ex></expan>, texts/xml/caes0003.xml
Flavius, flavus, la, transcription, Fl</abbr>avius</ex></expan>, texts/xml/caes0018.xml
Fortissimo, fortis, la, transcription, Fortissimo, texts/xml/bshe0006.xml
Fortissimo, fortis, la, transcription, Fortissimo, texts/xml/caes0014.xml
Fortissimo, fortis, la, transcription, Fortissimo</supplied>, texts/xml/caes0017.xml
Fr, Fr, la, transcription, Fr</abbr>, texts/xml/caes0031.xml
Fretensis, Fretensis, la, transcription, Fretensis</supplied>, texts/xml/caes0018.xml
Fretensis, Fretensis, la, transcription, Fret</hi></abbr>ensis</ex></expan>., texts/xml/caes0045.xml
Fretensis, Fretensis, la, transcription, Fret</abbr>ensis</ex></expan>., texts/xml/caes0048.xml
Fretensis, Fretensis, la, transcription, </supplied>Fr</supplied>et</hi></abbr>ensis</ex></expan>, texts/xml/caes0050.xml
Fretensis, Fretensis, la, transcription, Fret</hi>e</abbr>nsis</ex></expan>., texts/xml/caes0051.xml
Fretensis, Fretensis, la, transcription, Frete</abbr>nsis</ex></expan>., texts/xml/caes0052.xml
Fretensis, Fretensis, la, transcription, F</supplied>ret</hi></abbr>ensis</ex></expan>, texts/xml/caes0053.xml
Fretensis, Fretensis, la, transcription, Fret</abbr>ensis</ex></expan>, texts/xml/caes0146.xml
Fretensis, Fretensis, la, transcription, Fr</abbr>etensis</ex></expan>, texts/xml/caes0148.xml
Fretensis, Fretensis, la, transcription, Fr</abbr>etensis</ex></expan>, texts/xml/caes0349.xml
Fulminatae, fulmino, la, transcription, Fulm</abbr>inatae</ex></expan>, texts/xml/caes0119.xml
Furio, furio, la, transcription, Furio, texts/xml/caes0007.xml
G, G, la, transcription, G</unclear>, texts/xml/caes0021.xml
G, G, la, transcription, G</unclear>, texts/xml/masa0827.xml
Gaio, Gaio, la, transcription, </lb>G</abbr>aio</ex></expan>, texts/xml/caes0106.xml
Galerio, Galerio, la, transcription, Gal</abbr>erio</ex></expan>, texts/xml/bshe0006.xml
Galerio, Galerio, la, transcription, </lb>Galer</abbr>io</ex></expan>, texts/xml/caes0014.xml
Garum, garus, la, transcription, Garum, texts/xml/masa0826.xml
Gordiano, Gordiano, la, transcription, </lb>Gordiano, texts/xml/caes0107.xml
Hadr, Hadr, la, transcription, Hadr</hi>, texts/xml/caes0054.xml
Hadriano, Hadriano, la, transcription, </lb>Hadriano, texts/xml/caes0045.xml
Hadriano, Hadriano, la, transcription, Had</abbr>riano</ex></expan>, texts/xml/caes0047.xml
Hadriano, Hadriano, la, transcription, </choice>Had</abbr>riano</ex></expan>, texts/xml/caes0049.xml
Hadriano, Hadriano, la, transcription, </lb>Hadr</hi></abbr>iano</ex></expan>, texts/xml/caes0053.xml
Hadrianus, Hadrianus, la, transcription, </lb>Hadrianus, texts/xml/caes0051.xml
Hadrianus, Hadrianus, la, transcription, </lb>Hadrianus, texts/xml/caes0052.xml
Hadrianus, Hadrianus, la, transcription, Hadrianus</expan>, texts/xml/caes0054.xml
Hemesenorum, Hemesenorum, la, transcription, Hemesenorum, texts/xml/caes0004.xml
Heres, heres, la, transcription, </lb>H</abbr>eres</ex></expan>, texts/xml/emma0001.xml
Herinnius, Herinnius, la, transcription, Herin</abbr>nius</ex></expan>, texts/xml/masa0829.xml
Hic, hic, la, transcription, </lb>H</abbr>ic</ex></expan>, texts/xml/emma0001.xml
Hilarus, hilarus, la, transcription, Hilarus, texts/xml/caes0146.xml
Hispanorum, Hispanorum, la, transcription, Hispan</abbr>orum</ex></expan>, texts/xml/caes0004.xml
I, eo, la, transcription, I, texts/xml/caes0003.xml
I, eo, la, transcription, I, texts/xml/caes0004.xml
I, eo, la, transcription, I</unclear>, texts/xml/masa0915.xml
I, eo, la, transcription, I</unclear>, texts/xml/masa0918.xml
II, eo, la, transcription, </lb>II, texts/xml/caes0003.xml
II, eo, la, transcription, </gap></del>II, texts/xml/caes0008.xml
II, eo, la, transcription, II, texts/xml/caes0047.xml
IICBP, IICBP, la, transcription, IICBP</unclear>, texts/xml/masa0832.xml
III, III, la, transcription, </choice>III, texts/xml/caes0035.xml
IIII, IIII, la, transcription, IIII, texts/xml/caes0004.xml
IS, eo, la, transcription, IS, texts/xml/caes0008.xml
Imperator, imperator, la, transcription, Imp</abbr>erator</ex></expan>, texts/xml/caes0051.xml
Imperator, imperator, la, transcription, Imp</abbr>erator</ex></expan>, texts/xml/caes0054.xml
Imperatore, imperator, la, transcription, Imp</abbr>eratore</ex></expan>, texts/xml/caes0045.xml
Imperatore, imperator, la, transcription, Imp</abbr>eratore</ex></expan>, texts/xml/caes0047.xml
Imperatore, imperator, la, transcription, Imp</abbr>eratore</ex></expan>, texts/xml/caes0049.xml
Imperatore, imperator, la, transcription, Imp</abbr>eratore</ex></expan>, texts/xml/caes0052.xml
Imperatore, imperator, la, transcription, Imp</abbr>eratore</ex></expan>, texts/xml/caes0053.xml
Imperatori, imperator, la, transcription, Imp</abbr>eratori</ex></expan>, texts/xml/bshe0006.xml
Imperatori, imperator, la, transcription, Imp</abbr>eratori</ex></expan>, texts/xml/caes0006.xml
Imperatori, imperator, la, transcription, Imp</abbr>eratori</ex></expan>, texts/xml/caes0106.xml
Imperatori, imperator, la, transcription, Imp</abbr>eratori</ex></expan>, texts/xml/caes0107.xml
Iosepus, Iosepus, la, transcription, Iosepu</abbr>s</ex></expan>, texts/xml/masa0936.xml
Italico, Italico, la, transcription, Italico, texts/xml/caes0145.xml
Iudaeae, Iudaeae, la, transcription, Iudaea</supplied>e, texts/xml/caes0043.xml
Iul, Iul, la, transcription, Iul</unclear>, texts/xml/caes0032.xml
Iulii, Iulii, la, transcription, </lb>Iuli</abbr>i</ex></expan>, texts/xml/caes0032.xml
Iulio, Iulio, la, transcription, </choice>Iulio, texts/xml/caes0018.xml
Iulio, Iulio, la, transcription, </lb>Iulio, texts/xml/caes0106.xml
Iulius, Iulius, la, transcription, </lb>Iulius, texts/xml/caes0119.xml
Iulius, Iulius, la, transcription, </lb>Iul</abbr>ius</ex></expan>, texts/xml/caes0148.xml
Iul­, Iul­, la, transcription, Iul­, texts/xml/caes0148.xml
Iustinus, Iustinus, la, transcription, Iustinus, texts/xml/caes0007.xml
L, L, la, transcription, L</unclear>, texts/xml/caes0035.xml
L, L, la, transcription, </lb>L</unclear>, texts/xml/masa0827.xml
L, L, la, transcription, </lb>L</p></div>, texts/xml/masa0836.xml
L, L, la, transcription, L</unclear>, texts/xml/masa0937.xml
LOL, LOL, la, transcription, </gap></gap>LOL</gap></p></div>, texts/xml/masa0840.xml
LXXV, LXXV, la, transcription, </lb>L</unclear>XXV</p></div>, texts/xml/masa0834.xml
LXXVI, LXXVI, la, transcription, LXXVI</p></div>, texts/xml/masa0824.xml
Lati, fero, la, transcription, </lb>Lati</supplied>, texts/xml/caes0062.xml
Leg, Leg, la, transcription, </gap>L</unclear>eg</unclear>, texts/xml/masa0853.xml
Livi·Caustr, Livi·Caustr, la, transcription, Livi·Cau</hi>str</unclear>, texts/xml/masa0948.xml
Lucio, lucius, la, transcription, L</abbr>ucio</ex></expan>, texts/xml/caes0004.xml
L·, L·, la, transcription, </lb></gap></gap>L</unclear>·</p></div>, texts/xml/masa0828.xml
M, M, la, transcription, M, texts/xml/masa0838.xml
M, M, la, transcription, M</gap></p></div>, texts/xml/masa0916.xml
M, M, la, transcription, M</unclear>, texts/xml/masa0917.xml
M, M, la, transcription, M</p></div>, texts/xml/masa0944.xml
M, M, la, transcription, M., texts/xml/masa0949.xml
MARION, MARION, la, transcription, MARION, texts/xml/jeru0164.xml
MO, MO, la, transcription, MO</hi>, texts/xml/masa0945.xml
MON, mos, la, transcription, MON</gap></p></div>, texts/xml/masa0833.xml
MT, MT, la, transcription, MT</p></div>, texts/xml/masa0921.xml
Macedonicae, Macedonicae, la, transcription, </lb>Mac</abbr>edonicae</ex></expan>&#44;, texts/xml/emma0001.xml
Magnus, magnus, la, transcription, Magnu</abbr>s</ex></expan>, texts/xml/caes0119.xml
Manibus, manus, la, transcription, M</abbr>anibus</ex></expan>, texts/xml/caes0146.xml
Manibus, manus, la, transcription, M</abbr>anibus</ex></expan>., texts/xml/caes0160.xml
Marco, marcus, la, transcription, M</abbr>arco</ex></expan>, texts/xml/caes0009.xml
Marco, marcus, la, transcription, M</abbr>arco</ex></expan>, texts/xml/caes0016.xml
Marco, marcus, la, transcription, </lb>M</abbr>arco</ex></expan>, texts/xml/caes0107.xml
Marcum, marcus, la, transcription, M</abbr>arcum</ex></expan>, texts/xml/caes0003.xml
Marcus, marcus, la, transcription, </lb>M</abbr>arcus</ex></expan>, texts/xml/caes0018.xml
Marini, marinus, la, transcription, </lb></space>Marini</p></div>, texts/xml/caes0164.xml
Maximiano, Maximiano, la, transcription, </lb>Maximiano, texts/xml/bshe0006.xml
Maximiano, Maximiano, la, transcription, </lb>Maximiano, texts/xml/caes0009.xml
Maximiano, Maximiano, la, transcription, Maximiano, texts/xml/caes0014.xml
Maximianus, Maximianus, la, transcription, </lb>Maximianus, texts/xml/yotv0001.xml
Maximino, Maximino, la, transcription, </lb>Maximino, texts/xml/caes0106.xml
Maximo, magnus, la, transcription, </lb>Maximo, texts/xml/caes0106.xml
Mesopotamenae, Mesopotamenae, la, transcription, </lb>Mesopotamenae, texts/xml/caes0004.xml
Mesopotamiae, Mesopotamiae, la, transcription, Mesop</abbr>otamiae</ex></expan>, texts/xml/caes0010.xml
Mevius, Mevius, la, transcription, </lb>Mevius, texts/xml/caes0004.xml
Mvii, Mvii, la, transcription, M.</abbr>vii</ex></expan>, texts/xml/masa0950.xml
M·, M·, la, transcription, M·, texts/xml/masa0829.xml
N, N, la, transcription, </gap>N</unclear>, texts/xml/masa0923.xml
NEPOT, NEPOT, la, transcription, NE</hi>POT</unclear>, texts/xml/masa0946.xml
NEPOT, NEPOT, la, transcription, NE</hi>POT</unclear>, texts/xml/masa0947.xml
Nostius, Nostius, la, transcription, Nost</abbr>ius</ex></expan>, texts/xml/masa0831.xml
O, o, la, transcription, O</unclear>, texts/xml/masa0844.xml
O, o, la, transcription, </gap>O</gap>, texts/xml/masa0917.xml
OLC, OLC, la, transcription, </gap>O</unclear>LC</unclear>, texts/xml/masa0839.xml
OLEARI, OLEARI, la, transcription, OLEARI</gap></p></div>, texts/xml/masa0851.xml
OPOI, OPOI, la, transcription, </lb></gap>OP</unclear>O</gap>I</unclear>, texts/xml/caes0008.xml
Octa, Octa, la, transcription, Octa</supplied>, texts/xml/masa0949.xml
Omni, omne, la, transcription, Omni, texts/xml/caes0016.xml
Oppiusfilius, Oppiusfilius, la, transcription, Oppius</gap>f</abbr>ilius</ex></expan>, texts/xml/emma0001.xml
Osrhoenae, Osrhoenae, la, transcription, Osr</abbr>hoenae</ex></expan>, texts/xml/caes0010.xml
P, P, la, transcription, </lb></gap>P</supplied>, texts/xml/caes0013.xml
PA, PA, la, transcription, PA</p></div>, texts/xml/masa0951.xml
Pa, Pa, la, transcription, Pa</unclear>, texts/xml/caes0018.xml
Pal, Pal, la, transcription, Pal</supplied>, texts/xml/caes0016.xml
Pal, Pal, la, transcription, Pal</supplied>, texts/xml/caes0033.xml
Pal, Pal, la, transcription, Pal</supplied>, texts/xml/caes0351.xml
Palaest, Palaest, la, transcription, </lb>P</supplied>alae</supplied>st</abbr>, texts/xml/caes0020.xml
Palaestinae, Palaestinae, la, transcription, Pal</abbr>aestinae</ex></expan>, texts/xml/bshe0006.xml
Palaestinae, Palaestinae, la, transcription, Palaest</abbr>inae</ex></expan>, texts/xml/caes0004.xml
Palaestinae, Palaestinae, la, transcription, </lb>Pal</abbr>aestinae</ex></expan>, texts/xml/caes0008.xml
Palaestinae, Palaestinae, la, transcription, Pal</abbr>aestinae</ex></expan>, texts/xml/caes0009.xml
Palaestinae, Palaestinae, la, transcription, </lb>Pal</abbr>aestinae</ex></expan>&#44;, texts/xml/caes0013.xml
Palaestinae, Palaestinae, la, transcription, Pal</abbr>aestinae</ex></expan>&#44;, texts/xml/caes0014.xml
Palaestinae, Palaestinae, la, transcription, Palaest</abbr>inae</ex></expan>&#44;, texts/xml/caes0015.xml
Palaestinae, Palaestinae, la, transcription, Palaestinae</expan>, texts/xml/caes0016.xml
Palaestinae, Palaestinae, la, transcription, </lb>Pal</abbr>aestinae</ex></expan>&#44;, texts/xml/caes0017.xml
Palaestinae, Palaestinae, la, transcription, Palaestinae</expan>, texts/xml/caes0018.xml
Palaestinae, Palaestinae, la, transcription, </lb>Palaestinae</expan>, texts/xml/caes0020.xml
Palaestinae, Palaestinae, la, transcription, Pal</abbr>aestinae</ex></expan>, texts/xml/caes0022.xml
Palaestinae, Palaestinae, la, transcription, </lb>Pal</abbr>aestinae</ex></expan>&#44;, texts/xml/caes0032.xml
Palaestinae, Palaestinae, la, transcription, Palaestinae</expan>, texts/xml/caes0033.xml
Palaestinae, Palaestinae, la, transcription, Palaestinae</expan>, texts/xml/caes0351.xml
Palaestinae, Palaestinae, la, transcription, Palaestinae</supplied>, texts/xml/yotv0001.xml
Pannonia, Pannonia, la, transcription, </lb>Pan</hi>nonia, texts/xml/caes0004.xml
Parthos, Parthos, la, transcription, Parthos</del>, texts/xml/caes0004.xml
Perpetuae, perpetuus, la, transcription, </lb>Perpetuae, texts/xml/yotv0001.xml
Pilatus, pilo, la, transcription, Pilatus, texts/xml/caes0043.xml
Pio, pius, la, transcription, P</abbr>io</ex></expan>, texts/xml/bshe0006.xml
Po, Po, la, transcription, </lb></gap>Po</supplied>, texts/xml/caes0043.xml
Potentis, possum, la, transcription, Potentis, texts/xml/caes0146.xml
Primae, primus, la, transcription, Primae, texts/xml/caes0044.xml
Prisci, priscus, la, transcription, Prisci, texts/xml/yotv0001.xml
Priscus, priscus, la, transcription, Priscus, texts/xml/caes0014.xml
Priscus, priscus, la, transcription, Priscus, texts/xml/caes0017.xml
Probo, probo, la, transcription, </lb>Probo, texts/xml/caes0013.xml
Probo, probo, la, transcription, Probo</gap></supplied>, texts/xml/caes0016.xml
Procul, procul, la, transcription, </choice>P</unclear>rocul</unclear>, texts/xml/caes0032.xml
Protianus, Protianus, la, transcription, Protianus, texts/xml/caes0146.xml
Publius, Publius, la, transcription, P</abbr>ublius</ex></expan>, texts/xml/emma0001.xml
QIBA, QIBA, la, transcription, Q.I</gap></cb></gap>BA, texts/xml/masa0842.xml
Quintianus, Quintianus, la, transcription, Quintianus</del>, texts/xml/caes0015.xml
Quirina, Quirina, la, transcription, Quir</abbr>ina</ex></expan>, texts/xml/caes0015.xml
Quirina, Quirina, la, transcription, Quir</abbr>ina</ex></expan>, texts/xml/caes0018.xml
RI, rus, la, transcription, </unclear></unclear></unclear>RI, texts/xml/caes0008.xml
Ravena, Ravena, la, transcription, Ravena</supplied>, texts/xml/emma0001.xml
Ravenna, Ravenna, la, transcription, Ravenna</corr></choice>, texts/xml/emma0001.xml
Rhodope, Rhodope, la, transcription, </lb>Rhodope</supplied>, texts/xml/caes0160.xml
Romano, Romano, la, transcription, R</abbr>omano</ex></expan>, texts/xml/caes0010.xml
Romano, Romano, la, transcription, </lb>Romano, texts/xml/caes0107.xml
Romanorum, Romanorum, la, transcription, R</abbr>omanorum</ex></expan>, texts/xml/caes0004.xml
Romanus, Romanus, la, transcription, Romanus, texts/xml/caes0004.xml
S, S, la, transcription, S</gap>, texts/xml/caes0018.xml
S, S, la, transcription, </choice>S</unclear>, texts/xml/caes0032.xml
S, S, la, transcription, S, texts/xml/masa0920.xml
S, S, la, transcription, </gap>S</unclear>, texts/xml/masa0923.xml
SOC, SOC, la, transcription, </gap>S</unclear>OC</unclear>, texts/xml/masa0841.xml
SO·, SO·, la, transcription, </gap>SO·, texts/xml/masa0827.xml
SPES, spes, la, transcription, SPES, texts/xml/fiqg0002.xml
SPVII, SPVII, la, transcription, </lb></cb>SPV</unclear>II</p></div>, texts/xml/masa0842.xml
Seio, Seio, la, transcription, Seio, texts/xml/caes0015.xml
Semproniano, Semproniano, la, transcription, </lb>Semproniano, texts/xml/caes0107.xml
Senecae, Senecae, la, transcription, Senecae, texts/xml/caes0015.xml
Servus, servus, la, transcription, S</abbr>ervus</ex></expan>, texts/xml/masa0834.xml
Sexti, sextus, la, transcription, </lb>Sex</abbr>ti</ex></expan>, texts/xml/caes0015.xml
Sexto, sextus, la, transcription, </lb>Sex</abbr>to</ex></expan>, texts/xml/caes0022.xml
Sextus, sextus, la, transcription, Sext</abbr>us</ex></expan></p></div>, texts/xml/mare0401.xml
Sextus, sextus, la, transcription, Sext</abbr>us</ex></expan></p></div>, texts/xml/mare0402.xml
Sextus, sextus, la, transcription, Sext</abbr>us</ex></expan></p></ab></div>, texts/xml/mare0403.xml
Suri, surus, la, transcription, </lb>Sur</abbr>i</ex></expan>, texts/xml/masa0948.xml
Suriae, Suriae, la, transcription, Sur</abbr>iae</ex></expan>, texts/xml/bshe0006.xml
Symphorus, Symphorus, la, transcription, Symphorus, texts/xml/caes0146.xml
Syr, Syr, la, transcription, Syr</supplied>, texts/xml/caes0020.xml
Syriae, Syriae, la, transcription, </lb>Syr</abbr>iae</ex></expan>, texts/xml/caes0004.xml
Syriae, Syriae, la, transcription, Syr</abbr>iae</ex></expan>, texts/xml/caes0008.xml
Syriae, Syriae, la, transcription, Syr</hi></abbr>iae</ex></expan>, texts/xml/caes0013.xml
Syriae, Syriae, la, transcription, </lb>Syriae, texts/xml/caes0015.xml
Syriae, Syriae, la, transcription, Syr</abbr>iae</ex></expan>, texts/xml/caes0016.xml
Syriae, Syriae, la, transcription, </lb>Syr</abbr>iae</ex></expan>, texts/xml/caes0018.xml
Syriae, Syriae, la, transcription, Syriae</expan>, texts/xml/caes0020.xml
Syriae, Syriae, la, transcription, Syr</abbr>iae</ex></expan>, texts/xml/caes0022.xml
Syriae, Syriae, la, transcription, </choice>Syriae</expan>, texts/xml/caes0032.xml
Syriae, Syriae, la, transcription, </choice>Syr</abbr>iae</ex></expan>, texts/xml/caes0033.xml
Syriae, Syriae, la, transcription, </gap>Syr</abbr>iae</ex></expan>, texts/xml/caes0351.xml
Syriae, Syriae, la, transcription, </lb>Syriae, texts/xml/yotv0001.xml
T, T, la, transcription, </lb>T</unclear>, texts/xml/caes0021.xml
T, T, la, transcription, T</unclear>, texts/xml/masa0919.xml
TA, TA, la, transcription, TA</unclear>, texts/xml/masa0917.xml
TA, TA, la, transcription, </gap>TA</unclear>, texts/xml/masa0919.xml
Taurini, taurinus, la, transcription, </lb>Taurini, texts/xml/caes0015.xml
Theophilo, Theophilo, la, transcription, Theophilo, texts/xml/caes0010.xml
Thrac, Thrac, la, transcription, </gap>Th</supplied>rac</abbr>, texts/xml/caes0035.xml
Thraciae, Thraciae, la, transcription, </gap>Thraciae</expan>, texts/xml/caes0035.xml
Tiberia­, Tiberia­, la, transcription, Tiberia­, texts/xml/caes0148.xml
Tiberio, Tiberio, la, transcription, Ti</abbr>berio</ex></expan>, texts/xml/caes0021.xml
Tiberio, Tiberio, la, transcription, Ti</abbr>berio</ex></expan>, texts/xml/caes0145.xml
Timesitheo, Timesitheo, la, transcription, </lb>Timesithe</hi>o, texts/xml/caes0007.xml
Titiae, Titiae, la, transcription, Titiae</gap>, texts/xml/caes0161.xml
Titiano, Titiano, la, transcription, </lb>Titiano</supplied>, texts/xml/caes0018.xml
Tito, Tito, la, transcription, T</abbr>ito</ex></expan>, texts/xml/caes0002.xml
Tr, Tr, la, transcription, </lb>Tr</hi>, texts/xml/caes0049.xml
Traianae, Traianae, la, transcription, </lb>Tra</abbr>ianae</ex></expan>, texts/xml/caes0047.xml
Traiano, Traiano, la, transcription, Traiano, texts/xml/caes0045.xml
Traiano, Traiano, la, transcription, Tr</hi>a</abbr>iano</ex></expan>, texts/xml/caes0047.xml
Traiano, Traiano, la, transcription, </lb>Traiano</expan>, texts/xml/caes0049.xml
Traiano, Traiano, la, transcription, Tr</abbr>aia</ex>n</abbr>o</ex></expan>, texts/xml/caes0053.xml
Traianus, Traianus, la, transcription, </lb>Traianus, texts/xml/caes0051.xml
Traianus, Traianus, la, transcription, </lb>Traianus, texts/xml/caes0052.xml
Traianus, Traianus, la, transcription, </lb>Tra</abbr>ianus</ex></expan>, texts/xml/caes0054.xml
U, U, la, transcription, U</unclear>, texts/xml/masa0923.xml
V, V, la, transcription, V, texts/xml/emma0001.xml
VI, vis, la, transcription, VI, texts/xml/caes0004.xml
VI, vis, la, transcription, </lb>VI, texts/xml/caes0049.xml
VI, vis, la, transcription, VI, texts/xml/caes0054.xml
VI, vis, la, transcription, VI, texts/xml/caes0146.xml
VICVa, VICVa, la, transcription, </lb>VICV</gap>a</unclear>, texts/xml/caes0020.xml
VIIII, VIIII, la, transcription, VIIII., texts/xml/emma0001.xml
Valen­, Valen­, la, transcription, </gap>Valen</supplied>­, texts/xml/caes0148.xml
Valeriano, Valeriano, la, transcription, Valeriano, texts/xml/caes0004.xml
Valeriano, Valeriano, la, transcription, Val</abbr>eriano</ex></expan>, texts/xml/caes0009.xml
Valerio, Valerio, la, transcription, Val</abbr>erio</ex></expan>, texts/xml/bshe0006.xml
Valerio, Valerio, la, transcription, Valerio, texts/xml/caes0004.xml
Valerio, Valerio, la, transcription, Valerio</unclear>, texts/xml/caes0006.xml
Valerio, Valerio, la, transcription, Val</abbr>erio</ex></expan>, texts/xml/caes0010.xml
Valerio, Valerio, la, transcription, Val</abbr>erio</ex></expan>, texts/xml/caes0014.xml
Valerio, Valerio, la, transcription, Valerio, texts/xml/caes0017.xml
Valerius, Valerius, la, transcription, Val</abbr>erius</ex></expan>, texts/xml/bshe0006.xml
Vero, verus, la, transcription, Vero</supplied>, texts/xml/caes0106.xml
Vexillatio, Vexillatio, la, transcription, Vexillatio</supplied>, texts/xml/caes0046.xml
Vexillatio, Vexillatio, la, transcription, Vexillatio</hi>, texts/xml/caes0048.xml
Victorinus, Victorinus, la, transcription, </lb>Victorinus., texts/xml/caes0020.xml
X, X, la, transcription, X, texts/xml/caes0018.xml
X, X, la, transcription, X, texts/xml/caes0031.xml
X, X, la, transcription, X, texts/xml/caes0045.xml
X, X, la, transcription, X, texts/xml/caes0048.xml
X, X, la, transcription, X, texts/xml/caes0050.xml
X, X, la, transcription, X, texts/xml/caes0051.xml
X, X, la, transcription, X, texts/xml/caes0052.xml
X, X, la, transcription, </lb>X, texts/xml/caes0053.xml
X, X, la, transcription, X, texts/xml/caes0146.xml
X, X, la, transcription, X, texts/xml/caes0148.xml
X, X, la, transcription, </supplied>X, texts/xml/caes0349.xml
X, X, la, transcription, X</gap></p></div>, texts/xml/masa0937.xml
XII, XII, la, transcription, XII, texts/xml/caes0119.xml
XLIV, XLIV, la, transcription, X</unclear>LIV</p></div>, texts/xml/masa0823.xml
XX, XX, la, transcription, XX</num></gap></p></div>, texts/xml/caes0062.xml
XX, XX, la, transcription, XX</gap></p></div>, texts/xml/masa0849.xml
XX, XX, la, transcription, XX</expan>, texts/xml/yotv0001.xml
XXI, XXI, la, transcription, X</unclear>XI</p></div>, texts/xml/masa0846.xml
XXII, XXII, la, transcription, XXI</supplied>I</del>, texts/xml/caes0046.xml
XXX, XXX, la, transcription, </lb>XXX&#44;, texts/xml/emma0001.xml
XXX, XXX, la, transcription, XXX</p></div>, texts/xml/masa0845.xml
XXXII, XXXII, la, transcription, XXXII</num>, texts/xml/caes0062.xml
XXXX, XXXX, la, transcription, XXXX</p></div>, texts/xml/masa0850.xml
a, ab, la, transcription, a, texts/xml/caes0022.xml
a, ab, la, transcription, a</unclear>, texts/xml/caes0032.xml
a, ab, la, transcription, </del>a., texts/xml/caes0046.xml
ac, atque, la, transcription, </lb>ac, texts/xml/caes0016.xml
adv, adv, la, transcription, adv</unclear>, texts/xml/caes0004.xml
adversus, adverro, la, transcription, adversus, texts/xml/caes0004.xml
ae, ae, la, transcription, ae, texts/xml/caes0004.xml
ae, ae, la, transcription, </lb>ae, texts/xml/caes0161.xml
aemilius, aemilius, la, transcription, aemilius</p></div>, texts/xml/masa0750.xml
al, al, la, transcription, al</unclear>, texts/xml/caes0004.xml
alam, alo, la, transcription, </lb>alam, texts/xml/yotv0001.xml
amico, amicus, la, transcription, amico, texts/xml/caes0002.xml
anha, anha, la, transcription, anha, texts/xml/masa0751.xml
anha, anha, la, transcription, anha, texts/xml/masa0752.xml
anhar, anhar, la, transcription, anhar</gap></p></div>, texts/xml/masa0753.xml
anhar, anhar, la, transcription, anhar</gap></p></div>, texts/xml/masa0754.xml
anius, anius, la, transcription, anius</p></div>, texts/xml/masa0756.xml
anius, anius, la, transcription, anius</p></div>, texts/xml/masa0757.xml
annos, annus, la, transcription, annos</corr></choice>, texts/xml/emma0001.xml
anos, anus, la, transcription, anos</sic>, texts/xml/emma0001.xml
ar, ar, la, transcription, </lb>ar</gap></unclear>, texts/xml/caes0022.xml
arian, arian, la, transcription, arian</supplied>, texts/xml/caes0046.xml
arius, arius, la, transcription, </gap>arius</p></div>, texts/xml/masa0755.xml
asi, asi, la, transcription, a</unclear>si</unclear>, texts/xml/caes0037.xml
assenianus, assenianus, la, transcription, a</unclear>ssenianus, texts/xml/caes0013.xml
aufid, aufid, la, transcription, aufid, texts/xml/masa0758.xml
b, b, la, transcription, </lb>b, texts/xml/caes0022.xml
bene, benus, la, transcription, bene, texts/xml/caes0163.xml
bili, bilis, la, transcription, </lb>bili., texts/xml/caes0004.xml
c, c, la, transcription, c</unclear>, texts/xml/caes0032.xml
causa, causa, la, transcription, </space>c</abbr>ausa</ex></expan>&#44;, texts/xml/caes0002.xml
causa, causa, la, transcription, c</abbr>ausa</ex></expan>., texts/xml/caes0031.xml
centurio, centurio, la, transcription, </abbr>centurio</ex></expan>, texts/xml/caes0004.xml
centurio, centurio, la, transcription, centurio</expan>, texts/xml/caes0007.xml
centurio, centurio, la, transcription, </lb>centurio</expan>, texts/xml/caes0119.xml
centurio, centurio, la, transcription, </am>centurio</ex></expan>, texts/xml/caes0146.xml
centurio, centurio, la, transcription, centurio</expan>, texts/xml/caes0148.xml
cher, cher, la, transcription, </lb>cher, texts/xml/caes0022.xml
cio, cichorium, la, transcription, </lb>cio, texts/xml/emma0001.xml
ciss, ciss, la, transcription, ciss, texts/xml/caes0016.xml
civium, civis, la, transcription, c</abbr>ivium</ex></expan>, texts/xml/caes0004.xml
clarissimo, clarus, la, transcription, </unclear></gap>c</abbr>larissimo</ex></expan>, texts/xml/caes0008.xml
clarissimus, clarus, la, transcription, c</abbr>larissimus</ex></expan>, texts/xml/caes0013.xml
clarissimus, clarus, la, transcription, c</abbr>larissimus</ex></expan>, texts/xml/caes0016.xml
cohortis, cohors, la, transcription, c</abbr>o</ex>ho</abbr>rtis</ex></expan>, texts/xml/caes0004.xml
coloniae, colonia, la, transcription, </lb>col</abbr>oniae</ex></expan>, texts/xml/caes0003.xml
coniug, coniug, la, transcription, </lb>coniug</unclear>, texts/xml/caes0160.xml
coniugi, conjunx, la, transcription, con</abbr>iugi</ex></expan>, texts/xml/caes0148.xml
constantis, consto, la, transcription, c</abbr>onstantis</ex></expan>, texts/xml/caes0004.xml
constantis, consto, la, transcription, c</abbr>onstantis</ex></expan>&#44;, texts/xml/caes0146.xml
constituerunt, constituo, la, transcription, constituerunt, texts/xml/yotv0001.xml
consularis, consulo, la, transcription, consularis</expan>, texts/xml/caes0030.xml
consuli, consulo, la, transcription, co</abbr>n</ex>s</abbr>uli</ex></expan>, texts/xml/caes0107.xml
consultissimo, consultissimo, la, transcription, consult</abbr>issimo</ex></expan>, texts/xml/caes0014.xml
consultissimo, consultissimo, la, transcription, consultissimo, texts/xml/caes0017.xml
cos, cos, la, transcription, cos</unclear>, texts/xml/caes0030.xml
cum, cum, la, transcription, cum</ex></expan>, texts/xml/yotv0001.xml
curat, curo, la, transcription, curat</supplied>, texts/xml/caes0035.xml
curatori, curator, la, transcription, curatori</expan>, texts/xml/caes0035.xml
cus, cus, la, transcription, </gap>cus, texts/xml/caes0037.xml
de, de, la, transcription, d</abbr>e</ex></expan>, texts/xml/caes0037.xml
decreto, decerno, la, transcription, dec</abbr>reto</ex></expan>, texts/xml/caes0003.xml
decreto, decerno, la, transcription, dec</abbr>reto</ex></expan>, texts/xml/caes0008.xml
decreto, decerno, la, transcription, d</abbr>ecreto</ex></expan>, texts/xml/caes0010.xml
decreto, decerno, la, transcription, d</abbr>ecreto</ex></expan>, texts/xml/caes0011.xml
decurione, decurio, la, transcription, </lb>dec</abbr>urione</ex></expan>, texts/xml/caes0010.xml
decurionum, decurio, la, transcription, dec</abbr>urionum</ex></expan>, texts/xml/caes0003.xml
decurionum, decurio, la, transcription, dec</abbr>urionum</ex></expan>, texts/xml/caes0008.xml
decurionum, decurio, la, transcription, d</abbr>ecurionum</ex></expan>, texts/xml/caes0010.xml
decurionum, decurio, la, transcription, d</abbr>ecurionum</ex></expan>., texts/xml/caes0011.xml
dedit, do, la, transcription, d</abbr>edit</ex></expan>., texts/xml/caes0037.xml
devotissimus, devotissimus, la, transcription, </lb>devotissimus&#44;, texts/xml/bshe0006.xml
devotus, de_-voveo, la, transcription, d</abbr>evotus</ex></expan>, texts/xml/caes0006.xml
devotus, de_-voveo, la, transcription, d</abbr>evotus</ex></expan>, texts/xml/caes0013.xml
devotus, de_-voveo, la, transcription, d</abbr>evotus</ex></expan>, texts/xml/caes0014.xml
devotus, de_-voveo, la, transcription, </lb>d</abbr>evotus</ex></expan>, texts/xml/caes0016.xml
devotus, de_-voveo, la, transcription, d</abbr>evotus</ex></expan>, texts/xml/caes0017.xml
devotus, de_-voveo, la, transcription, </lb></gap>d</abbr>evotus</ex></expan>, texts/xml/caes0019.xml
dicatissimus, dicatissimus, la, transcription, dicatiss</abbr>imus</ex></expan>., texts/xml/caes0009.xml
domino, dominus, la, transcription, </lb>d</abbr>omino</ex></expan>, texts/xml/bshe0006.xml
domino, dominus, la, transcription, </lb>domino, texts/xml/caes0009.xml
dono, dono, la, transcription, d</abbr>ono</ex></expan>, texts/xml/caes0037.xml
duovir, duovir, la, transcription, </lb>duovir</supplied>, texts/xml/caes0008.xml
duumviralis, duumviralis, la, transcription, duum</ex>viral</abbr>is</ex></expan>&#44;, texts/xml/caes0015.xml
e, ex, la, transcription, e</unclear>, texts/xml/caes0016.xml
e, ex, la, transcription, e</ex>, texts/xml/caes0031.xml
ear, ear, la, transcription, ear:, texts/xml/yotv0001.xml
egregio, egregius, la, transcription, e</abbr>gregio</ex></expan>, texts/xml/caes0011.xml
eio, eio, la, transcription, eio</supplied>, texts/xml/caes0046.xml
eius, is, la, transcription, eius, texts/xml/bshe0006.xml
eius, is, la, transcription, </lb>e</unclear>ius, texts/xml/caes0004.xml
eius, is, la, transcription, e</abbr>ius</ex></expan>., texts/xml/caes0006.xml
eius, is, la, transcription, eius., texts/xml/caes0007.xml
eius, is, la, transcription, eius, texts/xml/caes0009.xml
eius, is, la, transcription, e</abbr>ius</ex></expan>., texts/xml/caes0013.xml
eius, is, la, transcription, e</abbr>ius</ex></expan>., texts/xml/caes0014.xml
eius, is, la, transcription, eius</expan>, texts/xml/caes0016.xml
eius, is, la, transcription, </choice>e</abbr>ius</ex></expan>, texts/xml/caes0019.xml
eius, is, la, transcription, eius, texts/xml/caes0031.xml
eius, is, la, transcription, eius, texts/xml/caes0044.xml
eius, is, la, transcription, eius, texts/xml/caes0146.xml
ensis, ensis, la, transcription, ensis</ex></choice>, texts/xml/caes0031.xml
eorum, is, la, transcription, eor</abbr>um</ex></expan>., texts/xml/caes0017.xml
equite, equio, la, transcription, eq</abbr>uite</ex></expan>, texts/xml/caes0010.xml
equitum, equio, la, transcription, eq</abbr>uitum</ex></expan>, texts/xml/caes0004.xml
ersus, ersus, la, transcription, ersus, texts/xml/caes0004.xml
es, edo, la, transcription, (es?), texts/xml/caes0044.xml
est, edo, la, transcription, e</abbr>st</ex></expan>., texts/xml/emma0001.xml
et, et, la, transcription, et</unclear>, texts/xml/caes0008.xml
et, et, la, transcription, et</hi>, texts/xml/caes0010.xml
et, et, la, transcription, et</hi>, texts/xml/caes0014.xml
et, et, la, transcription, et, texts/xml/caes0018.xml
et, et, la, transcription, et</supplied>, texts/xml/caes0106.xml
et, et, la, transcription, et, texts/xml/caes0146.xml
et, et, la, transcription, et</hi>, texts/xml/caes0148.xml
et, et, la, transcription, </lb>et, texts/xml/caes0354.xml
et, et, la, transcription, et, texts/xml/yotv0001.xml
etensis, etensis, la, transcription, </hi>e</abbr>tensis</ex></expan>, texts/xml/masa0853.xml
ex, ex, la, transcription, </lb>ex, texts/xml/caes0003.xml
ex, ex, la, transcription, </gap>ex, texts/xml/caes0008.xml
ex, ex, la, transcription, </lb>ex, texts/xml/caes0010.xml
ex, ex, la, transcription, </choice>ex, texts/xml/caes0011.xml
ex, ex, la, transcription, ex, texts/xml/caes0044.xml
expeditionis, expeditio, la, transcription, exped</abbr>itionis</ex></expan>, texts/xml/caes0004.xml
f, f, la, transcription, </choice>f</unclear>, texts/xml/caes0032.xml
facere, facio, la, transcription, facere, texts/xml/caes0044.xml
fecerunt, facio, la, transcription, fecerunt.</p></div>, texts/xml/caes0146.xml
fecit, facio, la, transcription, fecit, texts/xml/caes0051.xml
fecit, facio, la, transcription, fecit, texts/xml/caes0052.xml
fecit, facio, la, transcription, </lb>fecit.</p></div>, texts/xml/caes0163.xml
fecit, facio, la, transcription, f</abbr>ecit</ex></expan>.</p></div>, texts/xml/emma0001.xml
felici, felix, la, transcription, f</abbr>elici</ex></expan>, texts/xml/caes0006.xml
felici, felix, la, transcription, fel</abbr>ici</ex></expan>, texts/xml/caes0009.xml
felici, felix, la, transcription, f</abbr>elici</ex></expan>, texts/xml/caes0014.xml
felici, felix, la, transcription, f</abbr>elici</ex></expan>, texts/xml/caes0017.xml
felici, felix, la, transcription, f</abbr>elici</ex></expan>, texts/xml/caes0106.xml
felici, felix, la, transcription, fel</abbr>ici</ex></expan>, texts/xml/caes0107.xml
felicissimae, felix, la, transcription, feliciss</abbr>imae</ex></expan>, texts/xml/caes0004.xml
felicissimo, felix, la, transcription, feli</abbr>cissimo</ex></expan>, texts/xml/caes0016.xml
feliciter, felicito, la, transcription, </lb>feliciter., texts/xml/bshe0006.xml
fi, fio, la, transcription, </gap>fi, texts/xml/masa0759.xml
fidelis, fidelis, la, transcription, </lb>f</abbr>idelis</ex></expan>, texts/xml/caes0004.xml
fidelis, fidelis, la, transcription, </lb>f</abbr>idelis</ex></expan>, texts/xml/caes0146.xml
filia, filia, la, transcription, </choice>filia</expan>, texts/xml/caes0032.xml
filio, filius, la, transcription, fil</abbr>io</ex></expan>, texts/xml/caes0015.xml
filio, filius, la, transcription, </lb>f</supplied>ilio</supplied>, texts/xml/caes0106.xml
filio, filius, la, transcription, </lb>filio, texts/xml/caes0107.xml
filius, filius, la, transcription, </lb>filius, texts/xml/caes0015.xml
filius, filius, la, transcription, fil</abbr>ius</ex></expan>.</p></div>, texts/xml/caes0148.xml
fortis, fortis, la, transcription, for</abbr>tis</ex></expan>., texts/xml/caes0047.xml
fortissimo, fortis, la, transcription, f</unclear>ortiss</abbr>imo</ex></expan>&#44;, texts/xml/caes0013.xml
gentium, gens, la, transcription, gentium</supplied>, texts/xml/caes0016.xml
hc, hc, la, transcription, </lb></gap>h</unclear>c, texts/xml/caes0031.xml
heredes, heres, la, transcription, hered</abbr>es</ex></expan>, texts/xml/caes0146.xml
herq, herq, la, transcription, herq, texts/xml/caes0044.xml
honoris, honor, la, transcription, </lb>h</abbr>onoris</ex></expan>, texts/xml/caes0002.xml
honoris, honor, la, transcription, h</abbr>onoris</ex></expan>, texts/xml/caes0031.xml
hostes, hostis, la, transcription, </lb>hostes, texts/xml/caes0004.xml
i, eo, la, transcription, i</unclear>, texts/xml/caes0004.xml
i, eo, la, transcription, i</unclear>, texts/xml/caes0032.xml
i, eo, la, transcription, i</supplied>, texts/xml/caes0160.xml
i, eo, la, transcription, i</supplied>, texts/xml/masa0948.xml
ianus, ianus, la, transcription, </lb>ianus, texts/xml/caes0148.xml
imperatori, imperator, la, transcription, </choice>imp</abbr>eratori</ex></expan>, texts/xml/caes0016.xml
in, in, la, transcription, in, texts/xml/caes0004.xml
indulgent, indulgeo, la, transcription, i</supplied>ndulgent</supplied>, texts/xml/caes0016.xml
indulgentissimo, indulgeo, la, transcription, indulgentissimo</expan>, texts/xml/caes0016.xml
invicto, invictus, la, transcription, </lb>invicto, texts/xml/bshe0006.xml
invicto, invictus, la, transcription, </supplied>invic</abbr>to</ex></expan>, texts/xml/caes0006.xml
invicto, invictus, la, transcription, invicto, texts/xml/caes0009.xml
invicto, invictus, la, transcription, invict</abbr>o</ex></expan>, texts/xml/caes0014.xml
invicto, invictus, la, transcription, </lb>invict</abbr>o</ex></expan>, texts/xml/caes0016.xml
invicto, invictus, la, transcription, invic</abbr>to</ex></expan>, texts/xml/caes0017.xml
invicto, invictus, la, transcription, </lb>invicto, texts/xml/caes0354.xml
io, io, la, transcription, </abbr>io</ex></expan>, texts/xml/masa0853.xml
itemque, ito, la, transcription, itemq</abbr>ue</ex></expan>, texts/xml/caes0004.xml
ius, jus, la, transcription, </lb></gap>ius, texts/xml/caes0031.xml
iussit, jubeo, la, transcription, iussit?</unclear>, texts/xml/caes0044.xml
iuventutis, juventus, la, transcription, </lb>iuventutis, texts/xml/caes0014.xml
iuventutis, juventus, la, transcription, </lb>iuven</supplied>tutis</supplied>, texts/xml/caes0017.xml
l, l, la, transcription, l</unclear>, texts/xml/caes0032.xml
laest, laest, la, transcription, laest</supplied>, texts/xml/caes0018.xml
left, left, la, transcription, </lb>left, texts/xml/yotv0001.xml
leg, leg, la, transcription, leg, texts/xml/caes0021.xml
leg, leg, la, transcription, </lb></gap>leg</supplied>, texts/xml/caes0022.xml
leg, leg, la, transcription, </supplied>l</supplied>eg</abbr>, texts/xml/caes0034.xml
leg, leg, la, transcription, </lb></gap>l</supplied>eg</abbr>, texts/xml/caes0035.xml
legato, lego, la, transcription, </lb>leg</abbr>ato</ex></expan>, texts/xml/caes0008.xml
legato, lego, la, transcription, </lb>leg</abbr>ato</ex></expan>, texts/xml/caes0015.xml
legato, lego, la, transcription, </lb>legato, texts/xml/caes0018.xml
legato, lego, la, transcription, </lb></gap>leg</abbr>ato</ex></expan>, texts/xml/caes0020.xml
legato, lego, la, transcription, </lb>leg</abbr>ato</ex></expan>, texts/xml/caes0021.xml
legato, lego, la, transcription, </lb></gap>legato</expan>, texts/xml/caes0022.xml
legato, lego, la, transcription, </lb>leg</abbr>ato</ex></expan>, texts/xml/caes0031.xml
legato, lego, la, transcription, </gap>leg</abbr>ato</ex></expan>, texts/xml/caes0034.xml
legato, lego, la, transcription, </choice>leg</abbr>ato</ex></expan>, texts/xml/caes0035.xml
legionis, legio, la, transcription, leg</abbr>ionis</ex></expan>, texts/xml/caes0004.xml
legionis, legio, la, transcription, </lb>leg</abbr>ionis</ex></expan>, texts/xml/caes0018.xml
legionis, legio, la, transcription, legionis</expan>, texts/xml/caes0021.xml
legionis, legio, la, transcription, leg</abbr>ionis</ex></expan>, texts/xml/caes0031.xml
legionis, legio, la, transcription, </supplied>legionis</expan>, texts/xml/caes0034.xml
legionis, legio, la, transcription, </lb></gap>legionis</expan>, texts/xml/caes0035.xml
legionis, legio, la, transcription, </lb>leg</abbr>ionis</ex></expan>, texts/xml/caes0045.xml
legionis, legio, la, transcription, </lb>l</unclear>egionis, texts/xml/caes0046.xml
legionis, legio, la, transcription, leg</abbr>ionis</ex></expan>, texts/xml/caes0047.xml
legionis, legio, la, transcription, </lb>leg</abbr>ionis</ex></expan>, texts/xml/caes0048.xml
legionis, legio, la, transcription, leg</abbr>ionis</ex></expan>, texts/xml/caes0049.xml
legionis, legio, la, transcription, leg</abbr>ionis</ex></expan>, texts/xml/caes0050.xml
legionis, legio, la, transcription, </lb>leg</abbr>ionis</ex></expan>, texts/xml/caes0051.xml
legionis, legio, la, transcription, </lb>leg</abbr>ionis</ex></expan>, texts/xml/caes0052.xml
legionis, legio, la, transcription, leg</abbr>ionis</ex></expan>, texts/xml/caes0053.xml
legionis, legio, la, transcription, </lb>leg</abbr>ionis</ex></expan>, texts/xml/caes0054.xml
legionis, legio, la, transcription, </choice>leg</abbr>ionis</ex></expan>, texts/xml/caes0119.xml
legionis, legio, la, transcription, leg</abbr>ionis</ex></expan>, texts/xml/caes0146.xml
legionis, legio, la, transcription, </choice>leg</abbr>ionis</ex></expan>, texts/xml/caes0148.xml
legionis, legio, la, transcription, </gap>leg</abbr>ionis</ex></expan>, texts/xml/caes0349.xml
legionis, legio, la, transcription, leg</abbr>ionis</ex></expan>, texts/xml/emma0001.xml
liberti, libertus, la, transcription, lib</abbr>erti</ex></expan>, texts/xml/caes0146.xml
liberto, libertus, la, transcription, liber</abbr>to</ex></expan>, texts/xml/caes0002.xml
litati, litati, la, transcription, </lb>litati, texts/xml/caes0009.xml
maiestatique, majestas, la, transcription, </lb>maiest</abbr>ati</ex>q</abbr>ue</ex></expan>, texts/xml/bshe0006.xml
maiestatique, majestas, la, transcription, m</abbr>aiestati</ex>q</abbr>ue</ex></expan>, texts/xml/caes0006.xml
maiestatique, majestas, la, transcription, m</abbr>aiestati</ex>q</abbr>u</ex>e</abbr></expan>, texts/xml/caes0013.xml
maiestatique, majestas, la, transcription, m</abbr>aiestati</ex>q</abbr>ue</ex></expan>, texts/xml/caes0014.xml
maiestatique, majestas, la, transcription, m</abbr>aiestatique</ex></expan>, texts/xml/caes0016.xml
maiestatique, majestas, la, transcription, m</abbr>aiestati</ex>q</abbr>ue</ex></expan>, texts/xml/caes0017.xml
maiestatique, majestas, la, transcription, </supplied>maiestatique</expan>, texts/xml/caes0019.xml
mandatu, mando, la, transcription, </lb>mandatu, texts/xml/caes0015.xml
maritus, maritus, la, transcription, </lb>marit</abbr>us</ex></expan>, texts/xml/caes0148.xml
mater, mater, la, transcription, mater, texts/xml/caes0044.xml
mer, mer, la, transcription, mer</unclear>, texts/xml/caes0018.xml
merenti, mereo, la, transcription, merenti</expan>, texts/xml/caes0018.xml
meritis, mereo, la, transcription, </lb>mer</supplied>itis, texts/xml/caes0031.xml
metr, metr, la, transcription, metr</hi>, texts/xml/caes0010.xml
metr, metr, la, transcription, </choice>metr</hi>, texts/xml/caes0011.xml
metropolis, metropolis, la, transcription, metropolis</expan>, texts/xml/caes0010.xml
metropolis, metropolis, la, transcription, </choice>metropolis</expan>, texts/xml/caes0011.xml
miles, miles, la, transcription, </lb>miles, texts/xml/emma0001.xml
milianus, milianus, la, transcription, </lb>mil</supplied>ianus, texts/xml/bshe0006.xml
miliariae, miliarius, la, transcription, </lb>miliariae, texts/xml/caes0004.xml
militavit, milito, la, transcription, milita</abbr>vit</ex></expan>, texts/xml/emma0001.xml
mq, mq, la, transcription, </supplied>m</supplied>q</abbr>, texts/xml/caes0019.xml
multi, multus, la, transcription, multi, texts/xml/yotv0001.xml
n, n, la, transcription, n</unclear>, texts/xml/caes0032.xml
ncompara, ncompara, la, transcription, ncompara</del>, texts/xml/caes0004.xml
nes, no, la, transcription, n</unclear>es, texts/xml/caes0013.xml
nobilissimi, nobilis, la, transcription, </lb>nobilissimi, texts/xml/yotv0001.xml
nobilissimo, nobilis, la, transcription, nobil</abbr>issimo</ex></expan>, texts/xml/caes0014.xml
nobilissimo, nobilis, la, transcription, nobilis</abbr>simo</ex></expan>, texts/xml/caes0017.xml
nobilissimo, nobilis, la, transcription, </lb>nobil</supplied>issimo, texts/xml/caes0106.xml
nostri, noster, la, transcription, n</abbr>ostri</ex></expan>, texts/xml/caes0011.xml
nostri, noster, la, transcription, n</abbr>ostri</ex></expan>., texts/xml/caes0106.xml
nostro, noster, la, transcription, n</abbr>ostro</ex></expan>, texts/xml/bshe0006.xml
nostro, noster, la, transcription, nostr</hi>o, texts/xml/caes0009.xml
nostro, noster, la, transcription, n</abbr>ostro</ex></expan>, texts/xml/caes0016.xml
nostro, noster, la, transcription, n</abbr>ostro</ex></expan>, texts/xml/caes0106.xml
ntius, ntius, la, transcription, n</unclear>tius, texts/xml/caes0043.xml
numini, numen, la, transcription, numini, texts/xml/bshe0006.xml
numini, numen, la, transcription, n</abbr>umini</ex></expan>, texts/xml/caes0006.xml
numini, numen, la, transcription, n</abbr>umini</ex></expan>, texts/xml/caes0013.xml
numini, numen, la, transcription, n</abbr>umini</ex></expan>, texts/xml/caes0014.xml
numini, numen, la, transcription, n</abbr>umini</ex></expan>, texts/xml/caes0016.xml
numini, numen, la, transcription, n</abbr>umini</ex></expan>, texts/xml/caes0017.xml
numini, numen, la, transcription, n</abbr>umini</ex></expan>, texts/xml/caes0019.xml
nus, nus, la, transcription, </lb>nus, texts/xml/caes0148.xml
o, o, la, transcription, o</supplied>, texts/xml/caes0011.xml
om, om, la, transcription, om</unclear>, texts/xml/caes0013.xml
optimae, bonus, la, transcription, o</abbr>ptimae</ex></expan>&#44;, texts/xml/caes0148.xml
optimo, bonus, la, transcription, op</abbr>timo</ex></expan>, texts/xml/caes0018.xml
optimo, bonus, la, transcription, o</abbr>ptimo</ex></expan>, texts/xml/caes0037.xml
optio, optio, la, transcription, optio&#44;, texts/xml/emma0001.xml
or, or, la, transcription, or, texts/xml/caes0004.xml
oratorem, orator, la, transcription, oratorem&#44;, texts/xml/caes0003.xml
ostio, ostium, la, transcription, ostio</supplied>, texts/xml/yotv0001.xml
ovi, ovum, la, transcription, ovi</supplied>, texts/xml/caes0032.xml
p, p, la, transcription, </lb>p</supplied>, texts/xml/caes0032.xml
paci, pax, la, transcription, paci, texts/xml/yotv0001.xml
patr, patr, la, transcription, </lb>patr</hi>, texts/xml/caes0011.xml
patrono, patronus, la, transcription, </lb>patr</del></abbr>ono</ex></expan>, texts/xml/caes0008.xml
patrono, patronus, la, transcription, patr</abbr>ono</ex></expan>, texts/xml/caes0010.xml
patrono, patronus, la, transcription, </lb>patrono</expan>, texts/xml/caes0011.xml
patrono, patronus, la, transcription, </lb>patrono, texts/xml/caes0146.xml
pecunia, pecunia, la, transcription, pec</abbr>unia</ex></expan>, texts/xml/caes0003.xml
pecunia, pecunia, la, transcription, pec</abbr>unia</ex></expan>, texts/xml/caes0008.xml
pecunia, pecunia, la, transcription, p</abbr>ecunia</ex></expan>, texts/xml/caes0010.xml
pedes, pedo, la, transcription, pe</unclear>d</abbr>es</ex></expan>, texts/xml/caes0062.xml
per, per, la, transcription, </lb>per, texts/xml/caes0051.xml
per, per, la, transcription, </lb>per, texts/xml/caes0052.xml
per, per, la, transcription, </lb>per, texts/xml/caes0054.xml
per, per, la, transcription, </lb>per, texts/xml/yotv0001.xml
peregrinarum, peregrina, la, transcription, </lb>peregrinarum, texts/xml/caes0004.xml
perfectissimo, perficio, la, transcription, p</abbr>erfectissimo</ex></expan>, texts/xml/caes0010.xml
perfectissimus, perficio, la, transcription, p</abbr>erfectissimus</ex></expan>, texts/xml/caes0006.xml
perfectissimus, perficio, la, transcription, p</abbr>erfectissimus</ex></expan>, texts/xml/caes0009.xml
perfectissimus, perficio, la, transcription, p</abbr>erfectissimus</ex></expan>, texts/xml/caes0014.xml
perfectissimus, perficio, la, transcription, p</abbr>erfectissimus</ex></expan>, texts/xml/caes0017.xml
piissimo, pius, la, transcription, piissimo, texts/xml/caes0146.xml
pilus, pilus, la, transcription, p</abbr>ilus</ex></expan></p></div>, texts/xml/caes0145.xml
pio, pius, la, transcription, </lb>p</abbr>io</ex></expan>, texts/xml/caes0006.xml
pio, pius, la, transcription, pio, texts/xml/caes0009.xml
pio, pius, la, transcription, </lb>p</abbr>io</ex></expan>, texts/xml/caes0014.xml
pio, pius, la, transcription, </lb>p</abbr>io</ex></expan>, texts/xml/caes0017.xml
pio, pius, la, transcription, p</abbr>io</ex></expan>, texts/xml/caes0106.xml
pio, pius, la, transcription, </lb>pio, texts/xml/caes0107.xml
pontificem, pontifex, la, transcription, pontif</abbr>icem</ex></expan>, texts/xml/caes0003.xml
pontifici, pontifex, la, transcription, </lb>pontif</abbr>ici</ex></expan>, texts/xml/caes0107.xml
potestate, potestas, la, transcription, </lb>pot</abbr>estate</ex></expan>, texts/xml/caes0107.xml
ppr, ppr, la, transcription, p</unclear>pr</unclear>, texts/xml/caes0032.xml
praef, praef, la, transcription, </lb>praef</supplied>, texts/xml/caes0022.xml
praefecti, praeficio, la, transcription, praef</abbr>ecti</ex></expan>, texts/xml/caes0146.xml
praefecto, praeficio, la, transcription, praef</abbr>ecto</ex></expan>, texts/xml/caes0004.xml
praefecto, praeficio, la, transcription, </lb>praef</abbr>ecto</ex></expan>, texts/xml/caes0010.xml
praefecto, praeficio, la, transcription, </lb>praefecto</expan>, texts/xml/caes0022.xml
praefectus, praeficio, la, transcription, </lb>praef</supplied>ectus, texts/xml/caes0043.xml
praeposito, praepono, la, transcription, </lb>praeposito, texts/xml/caes0004.xml
praes, praes, la, transcription, </lb>praes</del></abbr>, texts/xml/caes0016.xml
praeses, praeses, la, transcription, praes</abbr>es</ex></expan>, texts/xml/bshe0006.xml
praeses, praeses, la, transcription, </lb>praes</abbr>es</ex></expan>, texts/xml/caes0009.xml
praeses, praeses, la, transcription, praes</abbr>es</ex></expan>, texts/xml/caes0013.xml
praeses, praeses, la, transcription, pr</abbr>aeses</ex></expan>, texts/xml/caes0014.xml
praeses, praeses, la, transcription, </lb>praeses</expan>, texts/xml/caes0016.xml
praeses, praeses, la, transcription, praes</abbr>es</ex></expan>, texts/xml/caes0017.xml
praesidis, praesidero, la, transcription, </lb>pra</ex>esidis</expan>, texts/xml/yotv0001.xml
praetore, praetor, la, transcription, praet</abbr>ore</ex></expan>, texts/xml/caes0008.xml
praetore, praetor, la, transcription, pr</abbr>aetore</ex></expan>, texts/xml/caes0015.xml
praetore, praetor, la, transcription, pr</abbr>aetore</ex></expan>, texts/xml/caes0018.xml
praetore, praetor, la, transcription, pr</abbr>aetore</ex></expan>, texts/xml/caes0020.xml
praetore, praetor, la, transcription, pr</abbr>aetore</ex></expan>, texts/xml/caes0022.xml
praetore, praetor, la, transcription, pr</abbr>aetore</ex></expan>, texts/xml/caes0031.xml
praetore, praetor, la, transcription, pr</abbr>aetore</ex></expan>, texts/xml/caes0034.xml
primipili, primipilum, la, transcription, </lb>primipili</expan>, texts/xml/caes0032.xml
primus, primus, la, transcription, p</abbr>rimus</ex></expan>, texts/xml/caes0145.xml
principes, princeps, la, transcription, </lb>princ</unclear></abbr>ipes</ex></expan>, texts/xml/caes0013.xml
principi, princeps, la, transcription, princip</abbr>i</ex></expan>, texts/xml/caes0009.xml
principi, princeps, la, transcription, principi, texts/xml/caes0014.xml
principi, princeps, la, transcription, principi, texts/xml/caes0017.xml
pro, pro, la, transcription, pro-, texts/xml/bshe0006.xml
pro, pro, la, transcription, pro, texts/xml/caes0008.xml
pro, pro, la, transcription, pro, texts/xml/caes0015.xml
pro, pro, la, transcription, </choice>pr</abbr>o</ex></expan>, texts/xml/caes0018.xml
pro, pro, la, transcription, pr</abbr>o</ex></expan>, texts/xml/caes0020.xml
pro, pro, la, transcription, pr</abbr>o</ex></expan>, texts/xml/caes0022.xml
pro, pro, la, transcription, </supplied>pro, texts/xml/caes0031.xml
pro, pro, la, transcription, p</supplied>ro, texts/xml/caes0034.xml
proconsule, proconsularis, la, transcription, </lb>pro</abbr>consule</ex></expan>., texts/xml/caes0107.xml
procurator, procurator, la, transcription, </lb>proc</abbr>urator</ex></expan>, texts/xml/caes0006.xml
procurator, procurator, la, transcription, </lb>proc</abbr>urator</ex></expan>, texts/xml/caes0146.xml
procuratori, procurator, la, transcription, proc</abbr>uratori</ex></expan>, texts/xml/caes0004.xml
procuratori, procurator, la, transcription, </lb>proc</abbr>uratori</ex></expan>, texts/xml/caes0007.xml
procuratori, procurator, la, transcription, proc</abbr>uratori</ex></expan>, texts/xml/caes0011.xml
providentiam, providentia, la, transcription, providentiam</ex></expan>, texts/xml/yotv0001.xml
providentissimo, providentissimo, la, transcription, provident</abbr>issimo</ex></expan>, texts/xml/bshe0006.xml
providentissimo, providentissimo, la, transcription, provident</hi>iss</abbr>imo</ex></expan>, texts/xml/caes0009.xml
provinc, provinc, la, transcription, </lb></gap>pr</supplied>ovinc</abbr>, texts/xml/caes0033.xml
provinciae, provincia, la, transcription, provin</abbr>ciae</ex></expan>, texts/xml/caes0004.xml
provinciae, provincia, la, transcription, </supplied>provin</abbr>ciae</ex></expan>, texts/xml/caes0008.xml
provinciae, provincia, la, transcription, prov</abbr>inciae</ex></expan>, texts/xml/caes0009.xml
provinciae, provincia, la, transcription, prov</abbr>inciae</ex></expan>, texts/xml/caes0013.xml
provinciae, provincia, la, transcription, </lb>prov</abbr>inciae</ex></expan>, texts/xml/caes0014.xml
provinciae, provincia, la, transcription, provinc</abbr>iae</ex></expan>, texts/xml/caes0015.xml
provinciae, provincia, la, transcription, </choice>prov</abbr>inciae</ex></expan>, texts/xml/caes0016.xml
provinciae, provincia, la, transcription, prov</abbr>inciae</ex></expan>, texts/xml/caes0017.xml
provinciae, provincia, la, transcription, </lb>provinc</abbr>iae</ex></expan>, texts/xml/caes0020.xml
provinciae, provincia, la, transcription, provinciae</expan>, texts/xml/caes0032.xml
provinciae, provincia, la, transcription, </lb></gap>provinciae</expan>, texts/xml/caes0033.xml
provinciae, provincia, la, transcription, provinciae</supplied>, texts/xml/yotv0001.xml
publica, publico, la, transcription, publ</abbr>ica</ex></expan>., texts/xml/caes0003.xml
publica, publico, la, transcription, </del>p</del>ub</abbr>lica</expan></expan>, texts/xml/caes0008.xml
publica, publico, la, transcription, p</abbr>ublica</ex></expan>&#44;, texts/xml/caes0010.xml
publicos, publicus, la, transcription, publicos, texts/xml/caes0004.xml
raes, raes, la, transcription, </lb></gap>raes, texts/xml/caes0019.xml
retro, retro, la, transcription, retro, texts/xml/caes0013.xml
riae, riae, la, transcription, r</unclear>iae</abbr>, texts/xml/caes0032.xml
right, right, la, transcription, </lb>right, texts/xml/yotv0001.xml
rius, rius, la, transcription, </lb>rius</p></div>, texts/xml/masa0751.xml
rius, rius, la, transcription, </lb>rius</p></div>, texts/xml/masa0752.xml
ro, rus, la, transcription, </gap>r</unclear>o, texts/xml/caes0031.xml
s, s, la, transcription, </lb></gap>s</unclear>, texts/xml/caes0018.xml
s, s, la, transcription, </gap>s, texts/xml/caes0043.xml
secundi, secundus, la, transcription, secundi, texts/xml/caes0146.xml
semper, semper, la, transcription, semper, texts/xml/bshe0006.xml
sgade, sgade, la, transcription, </gap>s</unclear>gade, texts/xml/caes0119.xml
singularibus, singularis, la, transcription, sing</abbr>ularibus</ex></expan>, texts/xml/caes0031.xml
situs, sino, la, transcription, s</abbr>itus</ex></expan>, texts/xml/emma0001.xml
strator, strator, la, transcription, </lb>strat</abbr>or</ex></expan>, texts/xml/caes0007.xml
sua, suum, la, transcription, sua, texts/xml/caes0037.xml
summae, summa, la, transcription, summ</abbr>a</ex>e</abbr></expan>, texts/xml/caes0004.xml
suo, suo, la, transcription, suo.</p></div>, texts/xml/caes0002.xml
suo, suo, la, transcription, s</abbr>uo</ex></expan>, texts/xml/caes0037.xml
super, supo, la, transcription, </lb>s</unclear>uper, texts/xml/caes0013.xml
t, t, la, transcription, t</abbr>, texts/xml/caes0031.xml
t, t, la, transcription, t</unclear>, texts/xml/caes0046.xml
testamento, testamentum, la, transcription, testamento</supplied>, texts/xml/caes0044.xml
tinae, tina, la, transcription, </lb>tinae, texts/xml/caes0148.xml
to, to, la, transcription, </lb></gap>to, texts/xml/caes0019.xml
tranquil, tranquil, la, transcription, tranquil, texts/xml/caes0009.xml
tribunicia, tribunicius, la, transcription, trib</abbr>unicia</ex></expan>, texts/xml/caes0107.xml
tribuno, tribunus, la, transcription, trib</abbr>uno</ex></expan>, texts/xml/caes0004.xml
tronio, tronio, la, transcription, </gap>t</unclear>ronio</gap>, texts/xml/caes0033.xml
tudo, tudo, la, transcription, t</unclear>udo, texts/xml/caes0062.xml
um, um, la, transcription, um, texts/xml/caes0016.xml
urbicae, urbicus, la, transcription, </lb>urbic</abbr>ae</ex></expan>, texts/xml/caes0004.xml
us, us, la, transcription, </lb>us</p></div>, texts/xml/masa0758.xml
us, us, la, transcription, </lb></gap>us</p></div>, texts/xml/masa0759.xml
usto, uro, la, transcription, </lb>usto</ex></choice>, texts/xml/caes0106.xml
uxori, uxor, la, transcription, uxori</supplied>, texts/xml/caes0161.xml
vere, verus, la, transcription, </lb>vere, texts/xml/caes0016.xml
vexillatio, vexillatio, la, transcription, </lb>vexillatio, texts/xml/caes0045.xml
vexillatio, vexillatio, la, transcription, vex</abbr>illatio</ex></expan>, texts/xml/caes0047.xml
vexillatio, vexillatio, la, transcription, </lb>vexil</abbr>latio</ex></expan>, texts/xml/caes0049.xml
vexillatio, vexillatio, la, transcription, </lb>vex</abbr>illatio</ex></expan>, texts/xml/caes0053.xml
vexillationem, vexillationem, la, transcription, vexillatione</abbr>m</ex></expan>, texts/xml/caes0051.xml
vexillationem, vexillationem, la, transcription, vexillationem</supplied>, texts/xml/caes0052.xml
vexillationem, vexillationem, la, transcription, vexil</abbr>lationem</ex></expan>, texts/xml/caes0054.xml
vexillationis, vexillationis, la, transcription, vexil</abbr>lationis</ex></expan>, texts/xml/caes0004.xml
viae, via, la, transcription, </choice>viae?</supplied>, texts/xml/caes0035.xml
victoriosiss, victoriosiss, la, transcription, victoriosiss</supplied>, texts/xml/caes0016.xml
victoriosissimo, victoriosissimo, la, transcription, victoriosissimo</expan>, texts/xml/caes0016.xml
victoriosissimόque, victoriosissimόque, la, transcription, </lb>victoriosissimόque, texts/xml/caes0009.xml
vii, vii, la, transcription, </abbr>vii</ex></expan>, texts/xml/masa0949.xml
vinciiae, vinciiae, la, transcription, </lb>vinciiae</ex>, texts/xml/bshe0006.xml
vir, vir, la, transcription, v</abbr>ir</ex></expan>, texts/xml/caes0006.xml
vir, vir, la, transcription, v</abbr>ir</ex></expan>, texts/xml/caes0009.xml
vir, vir, la, transcription, </lb>v</abbr>ir</ex></expan>, texts/xml/caes0013.xml
vir, vir, la, transcription, v</abbr>ir</ex></expan>, texts/xml/caes0014.xml
vir, vir, la, transcription, v</abbr>ir</ex></expan>, texts/xml/caes0016.xml
vir, vir, la, transcription, v</abbr>ir</ex></expan>, texts/xml/caes0017.xml
viralem, viralem, la, transcription, viral</abbr>em</ex></expan>, texts/xml/caes0003.xml
viro, vir, la, transcription, viro, texts/xml/caes0004.xml
viro, vir, la, transcription, v</abbr>iro</ex></expan>, texts/xml/caes0008.xml
viro, vir, la, transcription, v</abbr>iro</ex></expan>, texts/xml/caes0010.xml
viro, vir, la, transcription, </lb>v</abbr>iro</ex></expan>, texts/xml/caes0011.xml
viro, vir, la, transcription, v</abbr>iro</ex></expan>, texts/xml/caes0037.xml
vixit, vivo, la, transcription, </lb>vixit, texts/xml/emma0001.xml
voluntariorum, voluntarius, la, transcription, vol</abbr>untariorum</ex></expan>, texts/xml/caes0004.xml
votis, voveo, la, transcription, votis</ex>, texts/xml/yotv0001.xml
votisXL, votisXL, la, transcription, votis</ex>XL</expan>, texts/xml/yotv0001.xml
·ALI·GRA, ·ALI·GRA, la, transcription, </lb></gap>·A</unclear>LI·GRA</unclear>, texts/xml/masa0828.xml
·C·, ·C·, la, transcription, ·C·, texts/xml/masa0831.xml
Δ, Δ, la, transcription, </lb>Δ</unclear>, texts/xml/masa0826.xml
Διὰ, Διὰ, la, transcription, </lb>Διὰ, texts/xml/bshe0006.xml
Εὐγένιον, Εὐγένιον, la, transcription, Εὐγέν</supplied>ιον, texts/xml/bshe0006.xml
Θ, Θ, la, transcription, </gap>Θ</unclear>, texts/xml/masa0922.xml
Λεόντιον, Λεόντιον, la, transcription, Λεόντιον, texts/xml/bshe0006.xml
Φλαουίου, Φλαουίου, la, transcription, Φλ</abbr>αουίου</ex></expan>, texts/xml/caes0055.xml
Φλωρεντίου, Φλωρεντίου, la, transcription, Φλ</unclear>ωρεντίου, texts/xml/caes0055.xml
βασιλέως, βασιλέως, la, transcription, </lb>βασιλέω</abbr>ς</ex></expan>, texts/xml/masa0826.xml
δ, δ, la, transcription, δ</p></ab></div>, texts/xml/mare0403.xml
δύο, δύο, la, transcription, δύο, texts/xml/caes0055.xml
θεμελίων, θεμελίων, la, transcription, θεμελίων</hi>, texts/xml/caes0055.xml
καὶ, καὶ, la, transcription, καὶ, texts/xml/bshe0006.xml
κολωνίας, κολωνίας, la, transcription, κολ</abbr>ωνίας</ex></expan>., texts/xml/bshe0006.xml
μεγαλοπρεπεστάτου, μεγαλοπρεπεστάτου, la, transcription, μεγαλοπρεπεστάτου, texts/xml/caes0055.xml
περὶ, περὶ, la, transcription, περὶ, texts/xml/bshe0006.xml
πόλεως, πόλεως, la, transcription, πόλ</abbr>εως</ex></expan>, texts/xml/bshe0006.xml
ρο, ρο, la, transcription, </lb></gap>ρ</gap>ο</gap>, texts/xml/masa0826.xml
στρατηγοὺς, στρατηγοὺς, la, transcription, </lb>στρατηγ</abbr>οὺς</ex></expan>, texts/xml/bshe0006.xml
τοῦ, τοῦ, la, transcription, </lb>τοῦ, texts/xml/caes0055.xml
τὰ, τὰ, la, transcription, τὰ, texts/xml/caes0055.xml
τῶν, τῶν, la, transcription, τῶν, texts/xml/bshe0006.xml
ἀνενεώθη, ἀνενεώθη, la, transcription, </lb>ἀνενεώθη., texts/xml/caes0055.xml
ἀνθυπάτου, ἀνθυπάτου, la, transcription, </lb>ἀνθυπάτου, texts/xml/caes0055.xml
ἐκ, ἐκ, la, transcription, ἐκ, texts/xml/caes0055.xml
ἐπὶ, ἐπὶ, la, transcription, ἐπὶ, texts/xml/caes0055.xml
ὑδραγώγια, ὑδραγώγια, la, transcription, </lb>ὑδραγώγια, texts/xml/caes0055.xml
