1, he, transcription, <p>.1, texts/jord0001.xml
Shelamzin, he, transcription, <p>Shelamzin</p></div>, texts/akld0019.xml
Άρίστωνος, he, transcription, Άρίστων<supplied>ος</supplied></foreign>, texts/akld0024.xml
Α, he, transcription, </lb>Α, texts/masa0302.xml
Α, he, transcription, </lb>Α, texts/masa0313.xml
Α, he, transcription, </lb>Α, texts/masa0329.xml
Α, he, transcription, </lb>Α, texts/masa0341.xml
Β, he, transcription, </lb>Β, texts/masa0351.xml
Ρ, he, transcription, </gap></gap>Ρ</gap>, texts/masa0595.xml
Σαλών, he, transcription, <foreign>Σαλώ<supplied>ν</supplied>, texts/akld0024.xml
א, he, transcription, <p>א</p></div>, texts/unkn0102.xml
אב, he, transcription, <p>אב, texts/beth0234.xml
אבי, he, transcription, <p>אבי</p></div>, texts/masa0389.xml
אושעיה, he, transcription, <unclear>א</unclear>ושעיה</p></div>, texts/masa0384.xml
אח, he, transcription, א<unclear>ח</unclear></gap>, texts/qumr0001.xml
אחיה, he, transcription, <p>אחיה, texts/beth0235.xml
אין, he, transcription, <p>אין</p></div>, texts/caes0500.xml
איסטמכוס, he, transcription, </lb><unclear>אי</unclear>סט<unclear>מ</unclear>כוס</p></div>, texts/masa0413.xml
אלהנו, he, transcription, </lb>אלהנו, texts/unkn0103.xml
אלו, he, transcription, <p>אלו, texts/beth0239.xml
אליעזר, he, transcription, <p>אליעזר</p></div>, texts/masa0390.xml
אלכסנדריה, he, transcription, </lb><supplied>אלכסנ</supplied><unclear>ד</unclear>ריה, texts/jaff0057.xml
אלעוד, he, transcription, <p>אלעוד</p></div>, texts/masa0469.xml
אלעזר, he, transcription, אלעזר, texts/jeru0303.xml
אלעזר, he, transcription, </lb>אלעזר, texts/masa0038.xml
אלעזר, he, transcription, <p>אלעזר</p></div>, texts/masa0381.xml
אלעזר, he, transcription, <p>אלעזר</p></div>, texts/masa0476.xml
אלעזר, he, transcription, <p>אלעזר</p></div>, texts/masa0510.xml
אלעזר, he, transcription, <p>אלע<supplied>זר</supplied>, texts/masa0511.xml
אמות, he, transcription, אמות, texts/masa0585.xml
אנינא, he, transcription, <p>אנינא, texts/beth0233.xml
אפלגנה, he, transcription, </lb>אפלגנה</p></div>, texts/unkn0101.xml
אפמלס, he, transcription, <p>אפמלס</p></div>, texts/seph0100.xml
ארבגלא, he, transcription, <p>ארבגלא</p></div>, texts/erra0002.xml
ארבע, he, transcription, <p>ארבע, texts/masa0585.xml
ארבע, he, transcription, <p>ארבע</p></div>, texts/masa0586.xml
ארסטון, he, transcription, ארסטון</p></div>, texts/akld0024.xml
אשמנ, he, transcription, אש<supplied>מנ</supplied>, texts/tdor0002.xml
אשעיה, he, transcription, <p>אשעיה, texts/masa0411.xml
אשת, he, transcription, <p>אשת</p></div>, texts/masa0400.xml
את, he, transcription, </lb>את, texts/qumr0001.xml
אתת, he, transcription, <p>אתת, texts/masa0399.xml
אתת, he, transcription, <p>אתת</p></div>, texts/masa0402.xml
ב, he, transcription, <p>ב</p></div>, texts/jent0001.xml
ב, he, transcription, <p>ב, texts/masa0401.xml
ב, he, transcription, ב</unclear></gap>, texts/qumr0001.xml
בה, he, transcription, <supplied>ב</supplied>ה, texts/masa0449.xml
בה, he, transcription, בה, texts/masa0450.xml
בה, he, transcription, בה</supplied>, texts/masa0451.xml
בוטא, he, transcription, <p>בוטא</p></div>, texts/unkn0100.xml
ביריחו, he, transcription, </lb>ביריחו, texts/qumr0001.xml
בית, he, transcription, <p>ב<unclear>י</unclear></choice>ת, texts/masa0401.xml
בכל, he, transcription, בכל, texts/huqo0001.xml
בלה, he, transcription, <unclear>ב</unclear>לה</p></div>, texts/masa0529.xml
בלה, he, transcription, <unclear>ב</unclear>לה</p></div>, texts/masa0535.xml
בן, he, transcription, </lb>בן, texts/haif0010.xml
בן, he, transcription, בן, texts/jaff0054.xml
בן, he, transcription, </lb></gap><unclear>ב</unclear>ן, texts/jaff0057.xml
בן, he, transcription, בן, texts/jeru0303.xml
בן, he, transcription, </lb>בן, texts/juda0001.xml
בן, he, transcription, </gap></gap>בן</p></div>, texts/masa0472.xml
בן, he, transcription, בן, texts/qumr0001.xml
בן, he, transcription, בן, texts/shap0002.xml
בן, he, transcription, בן, texts/shap0003.xml
בןי, he, transcription, <p>בן<unclear>י</unclear></p></div>, texts/masa0406.xml
בןכלה, he, transcription, <p>בן<unclear>כ</unclear>לה</p></div>, texts/masa0407.xml
בנ, he, transcription, <p>בנ</p></div>, texts/masa0429.xml
בנ, he, transcription, <p>בנ</p></div>, texts/masa0430.xml
בנ, he, transcription, <p>בנ</p></div>, texts/masa0435.xml
בנ, he, transcription, בנ, texts/qumr0002.xml
בני, he, transcription, בני, texts/huqo0001.xml
בני, he, transcription, </lb>בני, texts/jeru0303.xml
בניאיר, he, transcription, <p>בניאיר</p></div>, texts/masa0437.xml
בניו, he, transcription, </lb>ב]ניו, texts/qumr0002.xml
בסייה, he, transcription, <p>בסי<supplied>יה</supplied>, texts/masa0506.xml
בצק, he, transcription, <p>בצק</p></div>, texts/masa0548.xml
בר, he, transcription, בר, texts/jent0006.xml
בר, he, transcription, </lb>בר, texts/jeru0305.xml
בר, he, transcription, <p>בר</p></div>, texts/masa0037.xml
בר, he, transcription, בר, texts/masa0398.xml
בר, he, transcription, <p>בר</p></div>, texts/masa0408.xml
בר, he, transcription, <p>בר, texts/masa0414.xml
בר, he, transcription, <p>בר</p></div>, texts/masa0415.xml
בר, he, transcription, </gap>בר</p></div>, texts/masa0475.xml
בר, he, transcription, <p>בר</p></div>, texts/masa0480.xml
בר, he, transcription, <p>בר</p></div>, texts/masa0481.xml
בר, he, transcription, <supplied>ב</supplied>ר, texts/masa0482.xml
בר, he, transcription, <supplied>ב</supplied>ר, texts/masa0483.xml
בר, he, transcription, <p>בר</p></div>, texts/masa0502.xml
בר, he, transcription, בר, texts/shap0002.xml
בר, he, transcription, בר, texts/shap0003.xml
ברוך, he, transcription, </lb>ברוך, texts/unkn0103.xml
בריה, he, transcription, בריה</p></div>, texts/masa0461.xml
בריה, he, transcription, </gap>בריה</gap></p></div>, texts/masa0503.xml
ברכה, he, transcription, <p>ברכה, texts/masa0393.xml
ברקי, he, transcription, ברקי, texts/masa0398.xml
ברת, he, transcription, ברת, texts/jeru0305.xml
בשנת, he, transcription, </lb>בשנת, texts/qumr0001.xml
בשר, he, transcription, <p>בשר, texts/masa0547.xml
בת, he, transcription, בת, texts/akld0024.xml
בת, he, transcription, <p>בת</p></div>, texts/masa0403.xml
בת, he, transcription, <p>בת</p></div>, texts/masa0405.xml
ג, he, transcription, </lb>ג, texts/masa0360.xml
ג, he, transcription, </lb><num>ג</num>, texts/masa0393.xml
גרגר, he, transcription, <p>גר<supplied>גר</supplied>, texts/masa0537.xml
גרגר, he, transcription, <p>ג<unclear>ר</unclear><supplied>גר</supplied>, texts/masa0540.xml
גרגר, he, transcription, <p>גרגר</p></div>, texts/masa0541.xml
גרגר, he, transcription, <p>גרגר</p></div>, texts/masa0542.xml
גרמלקרת, he, transcription, <p>גרמלקרת</p></div>, texts/tana0001.xml
ד, he, transcription, <supplied>ד</supplied>, texts/masa0529.xml
ד, he, transcription, <supplied>ד</supplied>, texts/masa0535.xml
דב, he, transcription, <p>ד<supplied>ב</supplied>, texts/masa0539.xml
דבלה, he, transcription, <p>דבלה, texts/masa0516.xml
דבלה, he, transcription, <p>דבלה</p></div>, texts/masa0519.xml
דבלה, he, transcription, <p>דבלה</p></div>, texts/masa0522.xml
דבלה, he, transcription, <p>דבל<supplied>ה</supplied>, texts/masa0525.xml
דבלה, he, transcription, <p>דבל<unclear>ה</unclear></p></div>, texts/masa0526.xml
דבלה, he, transcription, <supplied>ד</supplied>בלה</p></div>, texts/masa0527.xml
דבלה, he, transcription, <unclear>ד</unclear>בלה</p></div>, texts/masa0528.xml
דבלה, he, transcription, <p>דב<supplied>לה</supplied>, texts/masa0530.xml
דבלה, he, transcription, <supplied>דב</supplied>ל<unclear>ה</unclear></p></div>, texts/masa0531.xml
דבלה, he, transcription, <supplied>ד</supplied>בלה</p></div>, texts/masa0533.xml
דבלה, he, transcription, <p>ד<supplied>בלה</supplied>, texts/masa0536.xml
דבלה, he, transcription, </lb>דב<unclear>ל</unclear><supplied>ה</supplied>, texts/masa0537.xml
דבלה, he, transcription, <unclear>ד</unclear>ב<unclear>לה</unclear></p></div>, texts/masa0538.xml
דבלה, he, transcription, </lb>ד<supplied>בלה</supplied>, texts/masa0540.xml
דוגה, he, transcription, <p>דוגה</p></div>, texts/masa0553.xml
דוסתס, he, transcription, <p>דוסתס</p></div>, texts/masa0382.xml
ה, he, transcription, </lb></gap>ה, texts/masa0450.xml
ה, he, transcription, <unclear>ה</unclear>, texts/masa0461.xml
הארון, he, transcription, <p>הארון, texts/beth0247.xml
הגדל, he, transcription, הגדל</p></div>, texts/jeru0305.xml
הדי, he, transcription, ה<unclear>ד</unclear>/י</gap>, texts/qumr0001.xml
הו, he, transcription, הו</gap>, texts/qumr0002.xml
הזות, he, transcription, הזו</supplied>ת, texts/masa0450.xml
הזות, he, transcription, הזות, texts/masa0451.xml
הזות, he, transcription, <supplied>הזות</supplied>, texts/masa0452.xml
הכדיןלה, he, transcription, <p>הכדין<supplied>ל</supplied>ה, texts/masa0454.xml
הכהן, he, transcription, הכהן, texts/jeru0305.xml
הל, he, transcription, </lb><unclear>ה</unclear>ל</gap>, texts/qumr0001.xml
הליו, he, transcription, ה</gap>לי/ו, texts/qumr0001.xml
הללו, he, transcription, הלל<supplied>ו</supplied>, texts/qumr0001.xml
הללנוסי, he, transcription, <p>הלל</gap>נוסי</p></div>, texts/masa0473.xml
הלנא, he, transcription, <p>הלנא</p></div>, texts/akld0016.xml
המקוםהזה, he, transcription, <p>ה<unclear>מ</unclear>קו<unclear>ם</unclear>ה<unclear>ז</unclear>ה, texts/beth0261.xml
הנניה, he, transcription, <p>הנני<supplied>ה</supplied>, texts/masa0486.xml
העב, he, transcription, </lb><unclear>ה</unclear></gap>ע<unclear>ב</unclear></gap>, texts/qumr0001.xml
העיר, he, transcription, העיר</supplied>, texts/huqo0001.xml
העמקי, he, transcription, <p>העמקי</p></div>, texts/masa0434.xml
הקבר, he, transcription, <p>הקבר, texts/beth0255.xml
הקדש, he, transcription, </lb>הקד<supplied>ש</supplied>, texts/masa0449.xml
הקדש, he, transcription, הקדש</supplied>, texts/masa0450.xml
הקדש, he, transcription, </lb>הקד<supplied>ש</supplied>, texts/masa0451.xml
הקדש, he, transcription, הקדש</p></div>, texts/masa0452.xml
הרה, he, transcription, <p>הרה, texts/masa0449.xml
הרה, he, transcription, <supplied>הרה</supplied>, texts/masa0450.xml
הרה, he, transcription, <p>הרה, texts/masa0451.xml
הרה, he, transcription, <p>הרה, texts/masa0452.xml
הרם, he, transcription, <p>הרם</p></div>, texts/bshe0101.xml
השורה, he, transcription, השור<supplied>ה, texts/masa0450.xml
השורה, he, transcription, <supplied>השורה, texts/masa0451.xml
ו, he, transcription, ו</gap>, texts/masa0449.xml
ואינן, he, transcription, </lb>ואינן, texts/masa0449.xml
ואלעזר, he, transcription, ואלעזר, texts/jeru0303.xml
ואמן, he, transcription, וא<unclear>מ</unclear><supplied>ן, texts/huqo0001.xml
ואנן, he, transcription, </lb>ואנן, texts/masa0451.xml
ואת, he, transcription, </lb>ואת, texts/qumr0001.xml
ובידו, he, transcription, <p>ובידו</p></div>, texts/masa0468.xml
ובידעג, he, transcription, </lb><unclear>ו</unclear><unclear>ב</unclear><unclear>י</unclear><unclear>ד</unclear><unclear>ע</unclear><unclear>ג</unclear></gap>, texts/qumr0001.xml
וברוכין, he, transcription, <supplied>וברוכי</supplied>ן, texts/huqo0001.xml
ובריה, he, transcription, </gap>ובריה</p></div>, texts/masa0504.xml
ודהטוב, he, transcription, </gap>ו<unclear>ד</unclear></gap>הטוב, texts/beth0263.xml
והאתאנים, he, transcription, </lb>וה/אתאנים, texts/qumr0001.xml
והנפש, he, transcription, והנפש, texts/jeru0303.xml
וטפחים, he, transcription, </lb>וטפחים, texts/masa0585.xml
וי, he, transcription, ו/י, texts/qumr0001.xml
וכולאילנ, he, transcription, </lb>וכולאילנ, texts/qumr0001.xml
ונג, he, transcription, </lb><unclear>ו</unclear><unclear>נ</unclear><unclear>ג</unclear></gap>, texts/qumr0001.xml
ופרוטין, he, transcription, ופר<supplied>ו</supplied>טין, texts/masa0450.xml
ופרוטין, he, transcription, </lb>ופרוטין, texts/masa0452.xml
ושתי, he, transcription, </lb>ושתי, texts/masa0585.xml
זבדיא, he, transcription, <supplied>ז</supplied>בדיא</p></div>, texts/masa0399.xml
זה, he, transcription, <p>זה, texts/beth0227.xml
זה, he, transcription, <p>זה, texts/beth0228.xml
זה, he, transcription, <p>זה, texts/dabb0006.xml
זה, he, transcription, </lb>זה, texts/jeru0303.xml
זהום, he, transcription, <supplied>זה</supplied>ום, texts/jaff0054.xml
זהל, he, transcription, <p>זה<supplied>ל</supplied>, texts/beth0248.xml
זו, he, transcription, <p>זו</gap></p></div>, texts/beth0245.xml
זו, he, transcription, <p>זו, texts/beth0250.xml
זוא, he, transcription, <p>זוא, texts/beth0244.xml
זונ, he, transcription, <p>זו<supplied>נ</supplied>, texts/beth0246.xml
זירב, he, transcription, <supplied>זי</supplied>רב, texts/mger0037.xml
זכריה, he, transcription, <supplied>ז</supplied>כ<unclear>ר</unclear><supplied>י</supplied>ה</p></div>, texts/masa0418.xml
זכריה, he, transcription, <p>זכ<supplied>ריה</supplied>, texts/masa0477.xml
ח, he, transcription, <p>ח</gap></gap></p></div>, texts/masa0387.xml
ח, he, transcription, <unclear>ח</unclear></gap>, texts/qumr0001.xml
חוני, he, transcription, <p>חוני</p></div>, texts/masa0433.xml
חוניה, he, transcription, <p>חוניה</p></div>, texts/masa0505.xml
חזיר, he, transcription, חזיר</p></div>, texts/jeru0303.xml
חזקיה, he, transcription, <p>חזקיה</p></div>, texts/masa0385.xml
חזקין, he, transcription, <p>חזקין</p></div>, texts/masa0386.xml
חנה, he, transcription, <p>חנה</p></div>, texts/akld0011.xml
חנה, he, transcription, <p>חנה</p></div>, texts/akld0012.xml
חני, he, transcription, <unclear>חני, texts/qumr0001.xml
חניה, he, transcription, חניה, texts/jeru0303.xml
חנינא, he, transcription, </lb>חנינא, texts/masa0484.xml
חנינא, he, transcription, <p>חנינא</p></div>, texts/masa0488.xml
חנני, he, transcription, <p>ח<supplied>נני</supplied>, texts/masa0461.xml
חנניה, he, transcription, </lb></gap>חנניה, texts/jaff0057.xml
חנניה, he, transcription, <p>חנניה</p></div>, texts/masa0392.xml
חנניה, he, transcription, </lb>חנניה, texts/shap0002.xml
חנניה, he, transcription, </lb>חנניה, texts/shap0003.xml
חתומפותביות, he, transcription, <unclear>ח</unclear>/ת<unclear>ו</unclear>מ/פו<unclear>ת</unclear>בי/ות, texts/qumr0001.xml
ט, he, transcription, <p>ט</p></div>, texts/masa0445.xml
טבלה, he, transcription, <p>טבלה, texts/beth0229.xml
טהור, he, transcription, <p>טהור</p></div>, texts/masa0456.xml
טהר, he, transcription, </gap>טהר</gap></p></div>, texts/masa0449.xml
טובי, he, transcription, <p>טובי</p></div>, texts/masa0409.xml
טלה, he, transcription, <p>טלה, texts/tibe0001.xml
י, he, transcription, </gap>י, texts/beth0259.xml
י, he, transcription, <p>י</gap></p></div>, texts/masa0518.xml
י, he, transcription, </gap><unclear>י</unclear>, texts/masa0546.xml
יהא, he, transcription, יהא, texts/huqo0001.xml
יהו, he, transcription, </lb>יהו, texts/masa0484.xml
יהו, he, transcription, <p>יהו</p></div>, texts/masa0485.xml
יהוא, he, transcription, <p>יהו<unclear>א</unclear>, texts/masa0398.xml
יהוד, he, transcription, </lb>יהוד</p></div>, texts/thar0001.xml
יהודה, he, transcription, <p>יהודה, texts/beth0249.xml
יהודה, he, transcription, <p>יהודה, texts/beth0256.xml
יהודה, he, transcription, <unclear>י</unclear><unclear>ה</unclear>ודה</p></div>, texts/beth0265.xml
יהודה, he, transcription, יהודה, texts/jeru0303.xml
יהודה, he, transcription, <p>יהודה, texts/masa0351.xml
יהודה, he, transcription, </lb>יהודה, texts/masa0484.xml
יהודה, he, transcription, <p>יהודה</p></div>, texts/masa0489.xml
יהודה, he, transcription, <p>יהודה</p></div>, texts/masa0490.xml
יהודה, he, transcription, <supplied>יה</supplied>ודה</p></div>, texts/masa0491.xml
יהודה, he, transcription, <p>יהודה</p></div>, texts/masa0492.xml
יהודה, he, transcription, <supplied>יהו</supplied>דה</p></div>, texts/masa0493.xml
יהודה, he, transcription, </lb>יהו<unclear>ד</unclear><supplied>ה</supplied>, texts/masa0547.xml
יהודהא, he, transcription, <supplied>יהו</supplied>דה<supplied>א</supplied>, texts/masa0471.xml
יהוחנה, he, transcription, </lb>יהוחנה, texts/jeru0305.xml
יהוחנן, he, transcription, <p>יהוחנן</p></div>, texts/isaw0001.xml
יהוחנן, he, transcription, <p>יהוחנן, texts/masa0302.xml
יהוחנן, he, transcription, <p>יהוחנן, texts/masa0313.xml
יהוחנן, he, transcription, <p>יהוחנן, texts/masa0329.xml
יהוחנן, he, transcription, <p>יהוחנן, texts/masa0341.xml
יהוחנן, he, transcription, </lb><supplied>יהוח</supplied>נן, texts/masa0395.xml
יהוחנן, he, transcription, <p>יהוחנן, texts/masa0396.xml
יהוחנן, he, transcription, <p>יהוחנן, texts/masa0397.xml
יהוחנן, he, transcription, <p>יהוחנ<supplied>ן</supplied>, texts/masa0412.xml
יהוחנן, he, transcription, <supplied>יה</supplied>וחנן</p></div>, texts/masa0417.xml
יהוחנן, he, transcription, יהוחנן, texts/masa0484.xml
יהוסף, he, transcription, </lb>יהוסף, texts/jent0006.xml
יהוסף, he, transcription, <supplied>יהו</supplied>סף, texts/masa0395.xml
יהוסף, he, transcription, <p>יהוסף</p></div>, texts/masa0470.xml
יהוסף, he, transcription, <p>יהוסף, texts/masa0474.xml
יהוסף, he, transcription, <p>יהוסף</p></div>, texts/masa0494.xml
יהוסף, he, transcription, <p>יהוסף</p></div>, texts/masa0495.xml
יהוסף, he, transcription, <p>יהוסף</p></div>, texts/masa0496.xml
יהוסף, he, transcription, <supplied>יהו</supplied>סף</p></div>, texts/masa0497.xml
יהוסף, he, transcription, <p>יהוסף, texts/mtsc0001.xml
יהוספ, he, transcription, </lb>יהוס]פ, texts/qumr0002.xml
יהושוע, he, transcription, יהושוע, texts/jaff0054.xml
יהותנן, he, transcription, <p>יהותנן, texts/masa0484.xml
יהותנן, he, transcription, <supplied>יה</supplied>ותנן</p></div>, texts/masa0487.xml
יהיוחנן, he, transcription, יהיוחנן, texts/jeru0305.xml
יוחנן, he, transcription, יוחנן, texts/jeru0303.xml
יוסף, he, transcription, יוסף, texts/jeru0303.xml
יוספ, he, transcription, יוספ, texts/jeru0303.xml
יועזר, he, transcription, יועזר, texts/jeru0303.xml
יועזר, he, transcription, <p>יועזר</p></div>, texts/masa0383.xml
ינניה, he, transcription, </lb>ינני<supplied>ה</supplied>, texts/masa0484.xml
יעקוב, he, transcription, <p>יעקוב</p></div>, texts/masa0499.xml
יעקוב, he, transcription, <p>יעקוב</p></div>, texts/masa0500.xml
יעקוב, he, transcription, <p>יעקוב</p></div>, texts/masa0501.xml
יפה, he, transcription, </lb>יפה</p></div>, texts/masa0516.xml
יפה, he, transcription, <p>יפה</p></div>, texts/masa0520.xml
יצחק, he, transcription, <p>יצחק, texts/beth0258.xml
ישוע, he, transcription, <supplied>י</supplied>שוע</p></div>, texts/masa0414.xml
ישוע, he, transcription, <p>ישוע</p></div>, texts/masa0457.xml
ישראל, he, transcription, </lb><supplied>י</supplied>שראל, texts/haif0010.xml
ישראל, he, transcription, </lb>ישראל</p></div>, texts/juda0001.xml
כ, he, transcription, <p>כ</p></div>, texts/masa0517.xml
כהנא, he, transcription, כהנא, texts/masa0461.xml
כהנים, he, transcription, </lb>כהנים, texts/jeru0303.xml
כוהנים, he, transcription, </gap>כוהנים</p></div>, texts/beth0260.xml
כוסבא, he, transcription, <expan>כוס<ex>בא</ex></expan>, texts/juda0001.xml
כיסה, he, transcription, כיסה</p></div>, texts/masa0546.xml
כל, he, transcription, </lb><supplied>כל, texts/huqo0001.xml
כלן, he, transcription, כלן, texts/masa0450.xml
כלן, he, transcription, <add>כלן</add>, texts/masa0452.xml
כן, he, transcription, <p>כן, texts/beth0237.xml
כן, he, transcription, כן, texts/huqo0001.xml
כרוטין, he, transcription, כרוטין, texts/masa0449.xml
כרשנין, he, transcription, <p>כרשנין</p></div>, texts/masa0543.xml
כשירין, he, transcription, כשיר<supplied>ין</supplied>, texts/masa0449.xml
כשירין, he, transcription, כ<supplied>שירין, texts/masa0450.xml
כשירין, he, transcription, <supplied>כשירין, texts/masa0451.xml
כשירין, he, transcription, כשירי<supplied>ן</supplied>, texts/masa0452.xml
כתבה, he, transcription, כתבה, texts/masa0039.xml
כתבה, he, transcription, כתבה, texts/masa0514.xml
כתבידח, he, transcription, </lb></gap>כתבידח</p></div>, texts/masa0039.xml
כתבידח, he, transcription, </lb></gap>כתבידח</p></div>, texts/masa0514.xml
כתבידח, he, transcription, </gap>כתבידח</p></div>, texts/masa0515.xml
ל, he, transcription, <p>ל</p></div>, texts/hali0001.xml
ל, he, transcription, ל</gap>, texts/qumr0001.xml
לא, he, transcription, <supplied>לא</supplied>, texts/ahma0001.xml
לאונטיס, he, transcription, <p>לאונ<unclear>ט</unclear>יס</p></div>, texts/beth0272.xml
לאזעזר, he, transcription, </lb>לאזעזר, texts/qumr0001.xml
לביתריז, he, transcription, <p>לבית<supplied>ריז</supplied>, texts/jeru0309.xml
לג, he, transcription, <p>לג, texts/masa0593.xml
לג, he, transcription, <p>לג, texts/masa0594.xml
לג, he, transcription, לג, texts/masa0595.xml
לה, he, transcription, <unclear>ל</unclear><supplied>ה</supplied>, texts/huqo0001.xml
לה, he, transcription, <unclear>ל</unclear>ה</p></div>, texts/masa0539.xml
לה, he, transcription, לה</gap>, texts/qumr0001.xml
לום, he, transcription, <unclear>ל</unclear><supplied>ום</supplied>, texts/huqo0001.xml
לחנונה, he, transcription, </lb>לחנונה, texts/thar0001.xml
לטהרת, he, transcription, לטה<supplied>רת</supplied>, texts/masa0449.xml
לטהרת, he, transcription, ל</supplied>טה<supplied>רת</supplied>, texts/masa0450.xml
לטהרת, he, transcription, לטהרת</supplied>, texts/masa0451.xml
לטהרת, he, transcription, </lb>לטהרת, texts/masa0452.xml
לטהרת, he, transcription, <p>לט<supplied>הרת</supplied>, texts/masa0453b.xml
ליואת, he, transcription, </lb>לי/ואת, texts/qumr0001.xml
ללטהרת, he, transcription, </lb></gap>ל</gap>לט<supplied>הרת, texts/masa0450.xml
לנ, he, transcription, </lb>ל</gap><unclear>נ</unclear></gap>, texts/qumr0001.xml
לעולם, he, transcription, </lb><supplied>ל</supplied>עולם, texts/unkn0103.xml
לעזר, he, transcription, <supplied>ל</supplied>עזר, texts/jaff0054.xml
לפלליה, he, transcription, <p>ל<unclear>פ</unclear>לל<unclear>י</unclear>ה</p></div>, texts/masa0419.xml
ם, he, transcription, </lb></gap><unclear>ם</unclear>, texts/jaff0057.xml
מ, he, transcription, <unclear>מ</unclear>, texts/masa0549.xml
מ, he, transcription, <p>מ</p></div>, texts/masa0589.xml
מ, he, transcription, </g></num><unclear>מ</unclear>, texts/masa0597.xml
מ, he, transcription, </g></num>מ, texts/masa0598.xml
מ, he, transcription, </g></g></num>מ, texts/masa0599.xml
מאמאושלום, he, transcription, <unclear>מ</unclear>א<unclear>מא</unclear><unclear>ו</unclear>שלום</p></div>, texts/jaff0054.xml
מבמני, he, transcription, מבמני, texts/jeru0303.xml
מזבלסנה, he, transcription, </gap><unclear>מז</unclear></choice>בלסנה</p></div>, texts/masa0544.xml
מין, he, transcription, מין, texts/masa0449.xml
מלכנ, he, transcription, </lb>מלכנ</gap>, texts/tdor0002.xml
מן, he, transcription, </gap><unclear>מן</unclear>, texts/masa0544.xml
מנוחתה, he, transcription, <p>מנוחתה, texts/beth0242.xml
מעין, he, transcription, מעי<unclear>ן</unclear></gap></p></div>, texts/qumr0002.xml
מערב, he, transcription, <p>מערב</p></div>, texts/masa0550.xml
מעשר, he, transcription, <p>מעשר</p></div>, texts/masa0441.xml
מצות, he, transcription, </lb>מצות, texts/huqo0001.xml
מרים, he, transcription, <p>מרים, texts/beth0243.xml
מרים, he, transcription, <p>מרים</p></div>, texts/jeru0300.xml
מתחזקי, he, transcription, </lb>מ<unclear>תח</unclear><supplied>זקי</supplied>, texts/huqo0001.xml
מתיה, he, transcription, <p>מתיה</p></div>, texts/anna0001.xml
מתיה, he, transcription, <p>מתיה</p></div>, texts/masa0498.xml
מתכמתב, he, transcription, </lb>מתכ/מתב(?), texts/shap0004.xml
מתמתיום, he, transcription, </lb>מ/ת/</gap>מ/ת/</gap><unclear>י</unclear><unclear>ו</unclear>ם, texts/qumr0001.xml
ן, he, transcription, <unclear>ן</unclear>, texts/huqo0001.xml
נ, he, transcription, נ</gap></p></div>, texts/masa0401.xml
נ, he, transcription, נ, texts/qumr0001.xml
נהיה, he, transcription, <p>נה<supplied>יה</supplied>, texts/masa0507.xml
נטירא, he, transcription, <p>נטירא&#44;</p></div>, texts/akld0023.xml
נער, he, transcription, </lb>נער, texts/tdor0002.xml
נפש, he, transcription, <unclear>נ</unclear>פש</p></div>, texts/beth0271.xml
נצח, he, transcription, <p>נצח</p></div>, texts/masa0545.xml
נשיא, he, transcription, </lb><expan>נשי<ex>א</ex></expan>, texts/juda0001.xml
נתמ, he, transcription, נת<unclear>מ</unclear></gap>, texts/qumr0002.xml
נתנ, he, transcription, נ<unclear>ת</unclear>נ, texts/qumr0001.xml
ס, he, transcription, ס</supplied>, texts/huqo0001.xml
ס, he, transcription, <p>ס, texts/masa0590.xml
סקים, he, transcription, ס<unclear>ק</unclear>ים, texts/qumr0001.xml
סרור, he, transcription, <unclear>ס</unclear></choice>רור</p></div>, texts/masa0549.xml
ע, he, transcription, <p>ע, texts/masa0696.xml
עב, he, transcription, </lb></gap>עב</gap></p></div>, texts/masa0696.xml
עובד, he, transcription, עובד, texts/jeru0303.xml
עוזרל, he, transcription, </lb>ע<unclear>וזר</unclear>ל, texts/masa0595.xml
עזרה, he, transcription, <p>עזרה, texts/masa0394.xml
ענלכן, he, transcription, </lb>ענלכן, texts/huqo0001.xml
עקביא, he, transcription, עקביא, texts/masa0461.xml
עשירי, he, transcription, <p>עשירי</p></div>, texts/masa0588.xml
ף, he, transcription, </g>ף</g></g></g></g></g></g></g></g></num>, texts/masa0605.xml
פאריגרי, he, transcription, <p>פאריגרי, texts/beth0257.xml
פטי, he, transcription, <p>פטי</p></div>, texts/masa0388.xml
פטרין, he, transcription, <p>פטרין, texts/masa0413.xml
פסולא, he, transcription, <p>פסולא</p></div>, texts/masa0455.xml
פסולות, he, transcription, </lb>פסו<supplied>ל</supplied>ות</p></div>, texts/masa0454.xml
פרוטין, he, transcription, <p>פר<supplied>וטין</supplied>, texts/masa0453a.xml
פתו, he, transcription, <unclear>פ</unclear>ת<supplied>ו</supplied>, texts/mger0037.xml
צ, he, transcription, </gap><unclear>צ</unclear></gap>, texts/qumr0001.xml
ציפון, he, transcription, <p>ציפון</p></div>, texts/masa0436.xml
ק, he, transcription, <supplied>ק</supplied>, texts/beth0251.xml
ק, he, transcription, <p>ק</p></div>, texts/masa0459.xml
ק, he, transcription, </lb></gap>ק, texts/qumr0002.xml
קבר, he, transcription, קבר, texts/jeru0303.xml
קדדין, he, transcription, <p>קדדין</p></div>, texts/masa0551.xml
קדש, he, transcription, <p>קד<supplied>ש</supplied>, texts/masa0453c.xml
קדש, he, transcription, <unclear>ק</unclear>ד<supplied>ש</supplied>, texts/masa0453d.xml
קומה, he, transcription, <p>קומה</p></div>, texts/neta0001.xml
קיפא, he, transcription, קיפא, texts/jent0006.xml
קירה, he, transcription, <p>קירה, texts/beth0241.xml
קירילא, he, transcription, <p>קירילא, texts/beth0240.xml
קפא, he, transcription, קפא, texts/jent0006.xml
קצבא, he, transcription, </lb>קצבא, texts/masa0038.xml
קצבא, he, transcription, <p>קצבא</p></div>, texts/masa0512.xml
ר, he, transcription, <unclear>ר</unclear>, texts/masa0401.xml
ר, he, transcription, <p>ר, texts/masa0597.xml
ר, he, transcription, <p>ר, texts/masa0598.xml
ר, he, transcription, <p>ר, texts/masa0599.xml
ר, he, transcription, <p>ר, texts/masa0600.xml
ר, he, transcription, <p>ר, texts/masa0601.xml
ר, he, transcription, <p>ר, texts/masa0602.xml
ראובן, he, transcription, ראובן</p></div>, texts/haif0010.xml
רבא, he, transcription, <p>רבא</p></div>, texts/masa0391.xml
רבא, he, transcription, רבא, texts/masa0461.xml
רבי, he, transcription, <p>רבי, texts/beth0230.xml
רבי, he, transcription, <p>רבי, texts/beth0238.xml
רבי, he, transcription, רבי, texts/jaff0057.xml
רות, he, transcription, <p>רות, texts/beth0262.xml
ש, he, transcription, </lb><supplied>ש</supplied>, texts/huqo0001.xml
ש, he, transcription, </lb><unclear>ש</unclear></p></div>, texts/masa0416.xml
ש, he, transcription, <unclear>ש</unclear></gap>, texts/qumr0002.xml
שאול, he, transcription, </lb>שאול, texts/masa0038.xml
שאול, he, transcription, <p>שאול</p></div>, texts/masa0410.xml
שאול, he, transcription, <p>שאול</p></div>, texts/masa0509.xml
שאול, he, transcription, </lb>שאול, texts/shap0004.xml
שאל, he, transcription, <p>שאל, texts/masa0038.xml
שאל, he, transcription, <p>שאל, texts/masa0508.xml
שבי, he, transcription, <p>ש<unclear>ב</unclear>י</p></div>, texts/anna0003.xml
שבי, he, transcription, <p>שבי, texts/anna0004.xml
שבר, he, transcription, <p>שבר, texts/haif0010.xml
שבתי, he, transcription, <p>שבתי</p>, texts/akld0021.xml
שהן, he, transcription, שהן, texts/huqo0001.xml
של, he, transcription, </lb><unclear>ש</unclear>ל, texts/jaff0054.xml
של, he, transcription, של, texts/jeru0303.xml
שלום, he, transcription, <unclear>ש</unclear>לום</p></div>, texts/beth0266.xml
שלום, he, transcription, <p>שלום, texts/beth0268.xml
שלום, he, transcription, <p>שלום, texts/beth0269.xml
שלום, he, transcription, <p>שלום, texts/beth0270.xml
שלום, he, transcription, <p>שלום, texts/beth0274.xml
שלום, he, transcription, <unclear>ש</unclear>ל<unclear>ו</unclear>ם</p></div>, texts/beth0276.xml
שלום, he, transcription, </lb><foreign>שלום</foreign>, texts/jaff0040.xml
שלום, he, transcription, </lb>שלום, texts/jaff0054.xml
שלום, he, transcription, </lb><supplied>של</supplied><unclear>ו</unclear>ם</p></div>, texts/jaff0057.xml
שלום, he, transcription, <p>שלום</p></div>, texts/jent0005.xml
שלום, he, transcription, <p>שלום, texts/jeru0017.xml
שלוםל, he, transcription, <p>שלום<supplied>ל</supplied>, texts/beth0236.xml
שלוםלית, he, transcription, <p>שלום<supplied>לית</supplied>, texts/masa0404.xml
שלומ, he, transcription, </lb>שלומ, texts/akld0024.xml
שמ, he, transcription, <p>שמ</p></div>, texts/jent0004.xml
שמו, he, transcription, </lb><supplied>ש</supplied>מו, texts/unkn0103.xml
שמן, he, transcription, שמן, texts/jaff0057.xml
שמעון, he, transcription, <p>שמעון</p></div>, texts/erra0001.xml
שמעון, he, transcription, שמעון, texts/jeru0303.xml
שמעון, he, transcription, <p>שמעון, texts/juda0001.xml
שמעון, he, transcription, </lb><supplied>שמעון</supplied>, texts/masa0039.xml
שמעון, he, transcription, <p>שמעון, texts/masa0360.xml
שמעון, he, transcription, <p>שמעון, texts/masa0416.xml
שמעון, he, transcription, <supplied>ש</supplied>מעון, texts/masa0463.xml
שמעון, he, transcription, <p>שמעון, texts/masa0465.xml
שמעון, he, transcription, <p>שמעון</p></div>, texts/masa0466.xml
שמעון, he, transcription, <p>שמ<supplied>עון</supplied>, texts/masa0478.xml
שמעון, he, transcription, <p>שמעון</p></div>, texts/masa0479.xml
שמעון, he, transcription, </lb><supplied>שמעון</supplied>, texts/masa0514.xml
שמעון, he, transcription, שמעון, texts/shap0002.xml
שמעון, he, transcription, שמעון, texts/shap0003.xml
שמעוןר, he, transcription, <p>שמעון<supplied>ר</supplied>, texts/masa0464.xml
שמעין, he, transcription, <p>שמעין</p></div>, texts/masa0462.xml
שמען, he, transcription, <p>שמען, texts/masa0039.xml
שמען, he, transcription, <p>שמען, texts/masa0514.xml
שנים, he, transcription, <unclear>ש</unclear>נים</gap></p></div>, texts/masa0587.xml
שפירה, he, transcription, </lb>שפירה, texts/unkn0101.xml
שצעון, he, transcription, <p>שצע<supplied>ון</supplied>, texts/masa0467.xml
שתים, he, transcription, שתים, texts/qumr0001.xml
ת, he, transcription, <p>ת</p></div>, texts/masa0442.xml
ת, he, transcription, </gap>ת, texts/masa0449.xml
ת, he, transcription, </lb></gap>ת, texts/qumr0002.xml
תאבא, he, transcription, </lb>תאבא</p></div>, texts/masa0038.xml
תאבא, he, transcription, <p>תאבא</p></div>, texts/masa0513.xml
תפלה, he, transcription, <p>תפלה, texts/anna0002.xml
תפלוס, he, transcription, <unclear>ת</unclear>פלוס, texts/jeru0305.xml
תקופת, he, transcription, <p>תקופת, texts/tibe0002.xml
תקופת, he, transcription, <p>תקופת, texts/tibe0007.xml
תקופת, he, transcription, <p>תקופת, texts/tibe0008.xml
תקופת, he, transcription, <p>תקופת, texts/tibe0009.xml
ὲυμύρου, he, transcription, </lb>ὲυμύρου</p></div>, texts/jaff0040.xml
Ῥαβὶ, he, transcription, <foreign>Ῥαβὶ</foreign>, texts/jaff0052.xml
